device_id,device_type,battery_percent,is_charging,created_at
demo-iphone,iphone,79,0,2026-09-23T12:40:00+00:00
demo-macbook,mac,68,0,2026-09-23T12:40:00+00:00
demo-iphone,iphone,79,0,2026-09-23T12:50:00+00:00
demo-macbook,mac,66,0,2026-09-23T12:50:00+00:00
demo-iphone,iphone,77,0,2026-09-23T13:00:00+00:00
demo-macbook,mac,65,0,2026-09-23T13:00:00+00:00
demo-iphone,iphone,76,0,2026-09-23T13:10:00+00:00
demo-macbook,mac,63,0,2026-09-23T13:10:00+00:00
demo-iphone,iphone,75,0,2026-09-23T13:20:00+00:00
demo-macbook,mac,61,0,2026-09-23T13:20:00+00:00
demo-iphone,iphone,75,0,2026-09-23T13:30:00+00:00
demo-macbook,mac,60,0,2026-09-23T13:30:00+00:00
demo-iphone,iphone,74,0,2026-09-23T13:40:00+00:00
demo-macbook,mac,58,0,2026-09-23T13:40:00+00:00
demo-iphone,iphone,73,0,2026-09-23T13:50:00+00:00
demo-macbook,mac,58,0,2026-09-23T13:50:00+00:00
demo-iphone,iphone,73,0,2026-09-23T14:00:00+00:00
demo-macbook,mac,57,0,2026-09-23T14:00:00+00:00
demo-iphone,iphone,72,0,2026-09-23T14:10:00+00:00
demo-macbook,mac,56,0,2026-09-23T14:10:00+00:00
demo-iphone,iphone,71,0,2026-09-23T14:20:00+00:00
demo-macbook,mac,55,0,2026-09-23T14:20:00+00:00
demo-iphone,iphone,70,0,2026-09-23T14:30:00+00:00
demo-macbook,mac,54,0,2026-09-23T14:30:00+00:00
demo-iphone,iphone,68,0,2026-09-23T14:40:00+00:00
demo-macbook,mac,53,0,2026-09-23T14:40:00+00:00
demo-iphone,iphone,67,0,2026-09-23T14:50:00+00:00
demo-macbook,mac,52,0,2026-09-23T14:50:00+00:00
demo-iphone,iphone,67,0,2026-09-23T15:00:00+00:00
demo-macbook,mac,51,0,2026-09-23T15:00:00+00:00
demo-iphone,iphone,66,0,2026-09-23T15:10:00+00:00
demo-macbook,mac,50,0,2026-09-23T15:10:00+00:00
demo-iphone,iphone,64,0,2026-09-23T15:20:00+00:00
demo-macbook,mac,49,0,2026-09-23T15:20:00+00:00
demo-iphone,iphone,63,0,2026-09-23T15:30:00+00:00
demo-macbook,mac,48,0,2026-09-23T15:30:00+00:00
demo-iphone,iphone,63,0,2026-09-23T15:40:00+00:00
demo-macbook,mac,46,0,2026-09-23T15:40:00+00:00
demo-iphone,iphone,62,0,2026-09-23T15:50:00+00:00
demo-macbook,mac,45,0,2026-09-23T15:50:00+00:00
demo-iphone,iphone,60,0,2026-09-23T16:00:00+00:00
demo-macbook,mac,44,0,2026-09-23T16:00:00+00:00
demo-iphone,iphone,59,0,2026-09-23T16:10:00+00:00
demo-macbook,mac,43,0,2026-09-23T16:10:00+00:00
demo-iphone,iphone,58,0,2026-09-23T16:20:00+00:00
demo-macbook,mac,42,0,2026-09-23T16:20:00+00:00
demo-iphone,iphone,57,0,2026-09-23T16:30:00+00:00
demo-macbook,mac,41,0,2026-09-23T16:30:00+00:00
demo-iphone,iphone,57,0,2026-09-23T16:40:00+00:00
demo-macbook,mac,40,0,2026-09-23T16:40:00+00:00
demo-iphone,iphone,56,0,2026-09-23T16:50:00+00:00
demo-macbook,mac,39,0,2026-09-23T16:50:00+00:00
demo-iphone,iphone,55,0,2026-09-23T17:00:00+00:00
demo-macbook,mac,38,0,2026-09-23T17:00:00+00:00
demo-iphone,iphone,55,0,2026-09-23T17:10:00+00:00
demo-macbook,mac,37,0,2026-09-23T17:10:00+00:00
demo-iphone,iphone,54,0,2026-09-23T17:20:00+00:00
demo-macbook,mac,36,0,2026-09-23T17:20:00+00:00
demo-iphone,iphone,53,0,2026-09-23T17:30:00+00:00
demo-macbook,mac,35,0,2026-09-23T17:30:00+00:00
demo-iphone,iphone,53,0,2026-09-23T17:40:00+00:00
demo-macbook,mac,33,0,2026-09-23T17:40:00+00:00
demo-iphone,iphone,52,0,2026-09-23T17:50:00+00:00
demo-macbook,mac,32,0,2026-09-23T17:50:00+00:00
demo-iphone,iphone,55,1,2026-09-23T18:00:00+00:00
demo-macbook,mac,31,0,2026-09-23T18:00:00+00:00
demo-iphone,iphone,58,1,2026-09-23T18:10:00+00:00
demo-macbook,mac,30,0,2026-09-23T18:10:00+00:00
demo-iphone,iphone,62,1,2026-09-23T18:20:00+00:00
demo-macbook,mac,34,1,2026-09-23T18:20:00+00:00
demo-iphone,iphone,65,1,2026-09-23T18:30:00+00:00
demo-iphone,iphone,69,1,2026-09-23T18:40:00+00:00
demo-iphone,iphone,72,1,2026-09-23T18:50:00+00:00
demo-iphone,iphone,76,1,2026-09-23T19:00:00+00:00
demo-iphone,iphone,79,1,2026-09-23T19:10:00+00:00
demo-iphone,iphone,83,1,2026-09-23T19:20:00+00:00
demo-iphone,iphone,84,1,2026-09-23T19:30:00+00:00
demo-iphone,iphone,86,1,2026-09-23T19:40:00+00:00
demo-iphone,iphone,87,1,2026-09-23T19:50:00+00:00
demo-iphone,iphone,89,1,2026-09-23T20:00:00+00:00
demo-iphone,iphone,90,1,2026-09-23T20:10:00+00:00
demo-iphone,iphone,92,1,2026-09-23T20:20:00+00:00
demo-iphone,iphone,93,1,2026-09-23T20:30:00+00:00
demo-iphone,iphone,95,1,2026-09-23T20:40:00+00:00
demo-iphone,iphone,96,1,2026-09-23T20:50:00+00:00
demo-iphone,iphone,98,1,2026-09-23T21:00:00+00:00
demo-iphone,iphone,99,1,2026-09-23T21:10:00+00:00
demo-iphone,iphone,100,1,2026-09-23T21:20:00+00:00
demo-iphone,iphone,100,1,2026-09-23T21:30:00+00:00
demo-iphone,iphone,100,1,2026-09-23T21:40:00+00:00
demo-iphone,iphone,100,1,2026-09-23T21:50:00+00:00
demo-iphone,iphone,100,1,2026-09-23T22:00:00+00:00
demo-iphone,iphone,100,1,2026-09-23T22:10:00+00:00
demo-iphone,iphone,100,1,2026-09-23T22:20:00+00:00
demo-iphone,iphone,100,1,2026-09-23T22:30:00+00:00
demo-iphone,iphone,100,1,2026-09-23T22:40:00+00:00
demo-iphone,iphone,100,1,2026-09-23T22:50:00+00:00
demo-iphone,iphone,100,1,2026-09-23T23:00:00+00:00
demo-iphone,iphone,100,1,2026-09-23T23:10:00+00:00
demo-iphone,iphone,100,1,2026-09-23T23:20:00+00:00
demo-iphone,iphone,100,1,2026-09-23T23:30:00+00:00
demo-iphone,iphone,100,1,2026-09-23T23:40:00+00:00
demo-iphone,iphone,100,1,2026-09-23T23:50:00+00:00
demo-iphone,iphone,100,1,2026-09-24T00:00:00+00:00
demo-iphone,iphone,100,1,2026-09-24T00:10:00+00:00
demo-iphone,iphone,100,1,2026-09-24T00:20:00+00:00
demo-iphone,iphone,100,1,2026-09-24T00:30:00+00:00
demo-iphone,iphone,100,1,2026-09-24T00:40:00+00:00
demo-iphone,iphone,100,1,2026-09-24T00:50:00+00:00
demo-iphone,iphone,100,1,2026-09-24T01:00:00+00:00
demo-iphone,iphone,100,1,2026-09-24T01:10:00+00:00
demo-iphone,iphone,100,1,2026-09-24T01:20:00+00:00
demo-iphone,iphone,100,0,2026-09-24T01:30:00+00:00
demo-iphone,iphone,98,0,2026-09-24T01:40:00+00:00
demo-iphone,iphone,97,0,2026-09-24T01:50:00+00:00
demo-iphone,iphone,96,0,2026-09-24T02:00:00+00:00
demo-iphone,iphone,95,0,2026-09-24T02:10:00+00:00
demo-iphone,iphone,94,0,2026-09-24T02:20:00+00:00
demo-iphone,iphone,93,0,2026-09-24T02:30:00+00:00
demo-iphone,iphone,92,0,2026-09-24T02:40:00+00:00
demo-iphone,iphone,92,0,2026-09-24T02:50:00+00:00
demo-iphone,iphone,90,0,2026-09-24T03:00:00+00:00
demo-iphone,iphone,89,0,2026-09-24T03:10:00+00:00
demo-iphone,iphone,89,0,2026-09-24T03:20:00+00:00
demo-iphone,iphone,88,0,2026-09-24T03:30:00+00:00
demo-macbook,mac,36,1,2026-09-24T03:30:00+00:00
demo-iphone,iphone,88,0,2026-09-24T03:40:00+00:00
demo-macbook,mac,40,1,2026-09-24T03:40:00+00:00
demo-iphone,iphone,87,0,2026-09-24T03:50:00+00:00
demo-macbook,mac,43,1,2026-09-24T03:50:00+00:00
demo-iphone,iphone,86,0,2026-09-24T04:00:00+00:00
demo-macbook,mac,47,1,2026-09-24T04:00:00+00:00
demo-iphone,iphone,86,0,2026-09-24T04:10:00+00:00
demo-macbook,mac,50,1,2026-09-24T04:10:00+00:00
demo-iphone,iphone,84,0,2026-09-24T04:20:00+00:00
demo-macbook,mac,54,1,2026-09-24T04:20:00+00:00
demo-iphone,iphone,83,0,2026-09-24T04:30:00+00:00
demo-macbook,mac,58,1,2026-09-24T04:30:00+00:00
demo-iphone,iphone,82,0,2026-09-24T04:40:00+00:00
demo-macbook,mac,61,1,2026-09-24T04:40:00+00:00
demo-iphone,iphone,82,0,2026-09-24T04:50:00+00:00
demo-macbook,mac,66,1,2026-09-24T04:50:00+00:00
demo-iphone,iphone,81,0,2026-09-24T05:00:00+00:00
demo-macbook,mac,69,1,2026-09-24T05:00:00+00:00
demo-iphone,iphone,80,0,2026-09-24T05:10:00+00:00
demo-macbook,mac,72,1,2026-09-24T05:10:00+00:00
demo-iphone,iphone,79,0,2026-09-24T05:20:00+00:00
demo-macbook,mac,77,1,2026-09-24T05:20:00+00:00
demo-iphone,iphone,79,0,2026-09-24T05:30:00+00:00
demo-macbook,mac,81,1,2026-09-24T05:30:00+00:00
demo-iphone,iphone,78,0,2026-09-24T05:40:00+00:00
demo-macbook,mac,86,1,2026-09-24T05:40:00+00:00
demo-iphone,iphone,78,0,2026-09-24T05:50:00+00:00
demo-macbook,mac,90,1,2026-09-24T05:50:00+00:00
demo-iphone,iphone,76,0,2026-09-24T06:00:00+00:00
demo-macbook,mac,88,0,2026-09-24T06:00:00+00:00
demo-iphone,iphone,75,0,2026-09-24T06:10:00+00:00
demo-macbook,mac,86,0,2026-09-24T06:10:00+00:00
demo-iphone,iphone,73,0,2026-09-24T06:20:00+00:00
demo-macbook,mac,84,0,2026-09-24T06:20:00+00:00
demo-iphone,iphone,71,0,2026-09-24T06:30:00+00:00
demo-macbook,mac,82,0,2026-09-24T06:30:00+00:00
demo-iphone,iphone,71,0,2026-09-24T06:40:00+00:00
demo-macbook,mac,80,0,2026-09-24T06:40:00+00:00
demo-iphone,iphone,70,0,2026-09-24T06:50:00+00:00
demo-macbook,mac,78,0,2026-09-24T06:50:00+00:00
demo-iphone,iphone,69,0,2026-09-24T07:00:00+00:00
demo-macbook,mac,76,0,2026-09-24T07:00:00+00:00
demo-iphone,iphone,68,0,2026-09-24T07:10:00+00:00
demo-macbook,mac,74,0,2026-09-24T07:10:00+00:00
demo-iphone,iphone,68,0,2026-09-24T07:20:00+00:00
demo-macbook,mac,72,0,2026-09-24T07:20:00+00:00
demo-iphone,iphone,67,0,2026-09-24T07:30:00+00:00
demo-macbook,mac,70,0,2026-09-24T07:30:00+00:00
demo-iphone,iphone,66,0,2026-09-24T07:40:00+00:00
demo-macbook,mac,68,0,2026-09-24T07:40:00+00:00
demo-iphone,iphone,65,0,2026-09-24T07:50:00+00:00
demo-macbook,mac,67,0,2026-09-24T07:50:00+00:00
demo-iphone,iphone,65,0,2026-09-24T08:00:00+00:00
demo-macbook,mac,65,0,2026-09-24T08:00:00+00:00
demo-iphone,iphone,64,0,2026-09-24T08:10:00+00:00
demo-macbook,mac,63,0,2026-09-24T08:10:00+00:00
demo-iphone,iphone,64,0,2026-09-24T08:20:00+00:00
demo-macbook,mac,61,0,2026-09-24T08:20:00+00:00
demo-iphone,iphone,63,0,2026-09-24T08:30:00+00:00
demo-macbook,mac,59,0,2026-09-24T08:30:00+00:00
demo-iphone,iphone,61,0,2026-09-24T08:40:00+00:00
demo-macbook,mac,57,0,2026-09-24T08:40:00+00:00
demo-iphone,iphone,60,0,2026-09-24T08:50:00+00:00
demo-macbook,mac,55,0,2026-09-24T08:50:00+00:00
demo-iphone,iphone,60,0,2026-09-24T09:00:00+00:00
demo-macbook,mac,53,0,2026-09-24T09:00:00+00:00
demo-iphone,iphone,59,0,2026-09-24T09:10:00+00:00
demo-macbook,mac,51,0,2026-09-24T09:10:00+00:00
demo-iphone,iphone,58,0,2026-09-24T09:20:00+00:00
demo-macbook,mac,49,0,2026-09-24T09:20:00+00:00
demo-iphone,iphone,58,0,2026-09-24T09:30:00+00:00
demo-macbook,mac,48,0,2026-09-24T09:30:00+00:00
demo-iphone,iphone,56,0,2026-09-24T09:40:00+00:00
demo-macbook,mac,46,0,2026-09-24T09:40:00+00:00
demo-iphone,iphone,55,0,2026-09-24T09:50:00+00:00
demo-macbook,mac,44,0,2026-09-24T09:50:00+00:00
demo-iphone,iphone,54,0,2026-09-24T10:00:00+00:00
demo-macbook,mac,42,0,2026-09-24T10:00:00+00:00
demo-iphone,iphone,54,0,2026-09-24T10:10:00+00:00
demo-macbook,mac,40,0,2026-09-24T10:10:00+00:00
demo-iphone,iphone,53,0,2026-09-24T10:20:00+00:00
demo-macbook,mac,39,0,2026-09-24T10:20:00+00:00
demo-iphone,iphone,51,0,2026-09-24T10:30:00+00:00
demo-macbook,mac,37,0,2026-09-24T10:30:00+00:00
demo-iphone,iphone,50,0,2026-09-24T10:40:00+00:00
demo-macbook,mac,35,0,2026-09-24T10:40:00+00:00
demo-iphone,iphone,49,0,2026-09-24T10:50:00+00:00
demo-macbook,mac,33,0,2026-09-24T10:50:00+00:00
demo-iphone,iphone,49,0,2026-09-24T11:00:00+00:00
demo-macbook,mac,30,0,2026-09-24T11:00:00+00:00
demo-iphone,iphone,48,0,2026-09-24T11:10:00+00:00
demo-macbook,mac,28,0,2026-09-24T11:10:00+00:00
demo-iphone,iphone,47,0,2026-09-24T11:20:00+00:00
demo-macbook,mac,32,1,2026-09-24T11:20:00+00:00
demo-iphone,iphone,47,0,2026-09-24T11:30:00+00:00
demo-macbook,mac,36,1,2026-09-24T11:30:00+00:00
demo-iphone,iphone,45,0,2026-09-24T11:40:00+00:00
demo-macbook,mac,39,1,2026-09-24T11:40:00+00:00
demo-iphone,iphone,43,0,2026-09-24T11:50:00+00:00
demo-macbook,mac,43,1,2026-09-24T11:50:00+00:00
demo-iphone,iphone,43,0,2026-09-24T12:00:00+00:00
demo-macbook,mac,48,1,2026-09-24T12:00:00+00:00
demo-iphone,iphone,41,0,2026-09-24T12:10:00+00:00
demo-macbook,mac,52,1,2026-09-24T12:10:00+00:00
demo-iphone,iphone,40,0,2026-09-24T12:20:00+00:00
demo-macbook,mac,57,1,2026-09-24T12:20:00+00:00
demo-iphone,iphone,40,0,2026-09-24T12:30:00+00:00
demo-macbook,mac,60,1,2026-09-24T12:30:00+00:00
demo-iphone,iphone,39,0,2026-09-24T12:40:00+00:00
demo-macbook,mac,65,1,2026-09-24T12:40:00+00:00
demo-iphone,iphone,38,0,2026-09-24T12:50:00+00:00
demo-macbook,mac,69,1,2026-09-24T12:50:00+00:00
demo-iphone,iphone,37,0,2026-09-24T13:00:00+00:00
demo-macbook,mac,74,1,2026-09-24T13:00:00+00:00
demo-iphone,iphone,37,0,2026-09-24T13:10:00+00:00
demo-macbook,mac,77,1,2026-09-24T13:10:00+00:00
demo-iphone,iphone,36,0,2026-09-24T13:20:00+00:00
demo-macbook,mac,80,1,2026-09-24T13:20:00+00:00
demo-iphone,iphone,36,0,2026-09-24T13:30:00+00:00
demo-macbook,mac,84,1,2026-09-24T13:30:00+00:00
demo-iphone,iphone,35,0,2026-09-24T13:40:00+00:00
demo-macbook,mac,88,1,2026-09-24T13:40:00+00:00
demo-iphone,iphone,34,0,2026-09-24T13:50:00+00:00
demo-macbook,mac,93,1,2026-09-24T13:50:00+00:00
demo-iphone,iphone,33,0,2026-09-24T14:00:00+00:00
demo-macbook,mac,96,1,2026-09-24T14:00:00+00:00
demo-iphone,iphone,33,0,2026-09-24T14:10:00+00:00
demo-macbook,mac,95,0,2026-09-24T14:10:00+00:00
demo-iphone,iphone,33,0,2026-09-24T14:20:00+00:00
demo-macbook,mac,94,0,2026-09-24T14:20:00+00:00
demo-iphone,iphone,32,0,2026-09-24T14:30:00+00:00
demo-macbook,mac,93,0,2026-09-24T14:30:00+00:00
demo-iphone,iphone,30,0,2026-09-24T14:40:00+00:00
demo-macbook,mac,92,0,2026-09-24T14:40:00+00:00
demo-iphone,iphone,30,0,2026-09-24T14:50:00+00:00
demo-macbook,mac,91,0,2026-09-24T14:50:00+00:00
demo-iphone,iphone,29,0,2026-09-24T15:00:00+00:00
demo-macbook,mac,90,0,2026-09-24T15:00:00+00:00
demo-iphone,iphone,28,0,2026-09-24T15:10:00+00:00
demo-macbook,mac,89,0,2026-09-24T15:10:00+00:00
demo-iphone,iphone,27,0,2026-09-24T15:20:00+00:00
demo-macbook,mac,87,0,2026-09-24T15:20:00+00:00
demo-iphone,iphone,25,0,2026-09-24T15:30:00+00:00
demo-macbook,mac,86,0,2026-09-24T15:30:00+00:00
demo-iphone,iphone,24,0,2026-09-24T15:40:00+00:00
demo-macbook,mac,85,0,2026-09-24T15:40:00+00:00
demo-iphone,iphone,24,0,2026-09-24T15:50:00+00:00
demo-macbook,mac,84,0,2026-09-24T15:50:00+00:00
demo-iphone,iphone,22,0,2026-09-24T16:00:00+00:00
demo-macbook,mac,83,0,2026-09-24T16:00:00+00:00
demo-iphone,iphone,21,0,2026-09-24T16:10:00+00:00
demo-macbook,mac,82,0,2026-09-24T16:10:00+00:00
demo-iphone,iphone,25,1,2026-09-24T16:20:00+00:00
demo-macbook,mac,81,0,2026-09-24T16:20:00+00:00
demo-iphone,iphone,28,1,2026-09-24T16:30:00+00:00
demo-macbook,mac,80,0,2026-09-24T16:30:00+00:00
demo-iphone,iphone,32,1,2026-09-24T16:40:00+00:00
demo-macbook,mac,79,0,2026-09-24T16:40:00+00:00
demo-iphone,iphone,35,1,2026-09-24T16:50:00+00:00
demo-macbook,mac,78,0,2026-09-24T16:50:00+00:00
demo-iphone,iphone,40,1,2026-09-24T17:00:00+00:00
demo-macbook,mac,76,0,2026-09-24T17:00:00+00:00
demo-iphone,iphone,43,1,2026-09-24T17:10:00+00:00
demo-macbook,mac,76,0,2026-09-24T17:10:00+00:00
demo-iphone,iphone,48,1,2026-09-24T17:20:00+00:00
demo-macbook,mac,75,0,2026-09-24T17:20:00+00:00
demo-iphone,iphone,47,0,2026-09-24T17:30:00+00:00
demo-macbook,mac,74,0,2026-09-24T17:30:00+00:00
demo-iphone,iphone,46,0,2026-09-24T17:40:00+00:00
demo-macbook,mac,73,0,2026-09-24T17:40:00+00:00
demo-iphone,iphone,45,0,2026-09-24T17:50:00+00:00
demo-macbook,mac,72,0,2026-09-24T17:50:00+00:00
demo-iphone,iphone,50,1,2026-09-24T18:00:00+00:00
demo-macbook,mac,71,0,2026-09-24T18:00:00+00:00
demo-iphone,iphone,54,1,2026-09-24T18:10:00+00:00
demo-macbook,mac,70,0,2026-09-24T18:10:00+00:00
demo-iphone,iphone,59,1,2026-09-24T18:20:00+00:00
demo-macbook,mac,69,0,2026-09-24T18:20:00+00:00
demo-iphone,iphone,62,1,2026-09-24T18:30:00+00:00
demo-iphone,iphone,65,1,2026-09-24T18:40:00+00:00
demo-iphone,iphone,69,1,2026-09-24T18:50:00+00:00
demo-iphone,iphone,73,1,2026-09-24T19:00:00+00:00
demo-iphone,iphone,76,1,2026-09-24T19:10:00+00:00
demo-iphone,iphone,80,1,2026-09-24T19:20:00+00:00
demo-iphone,iphone,84,1,2026-09-24T19:30:00+00:00
demo-iphone,iphone,86,1,2026-09-24T19:40:00+00:00
demo-iphone,iphone,87,1,2026-09-24T19:50:00+00:00
demo-iphone,iphone,89,1,2026-09-24T20:00:00+00:00
demo-iphone,iphone,91,1,2026-09-24T20:10:00+00:00
demo-iphone,iphone,92,1,2026-09-24T20:20:00+00:00
demo-iphone,iphone,94,1,2026-09-24T20:30:00+00:00
demo-iphone,iphone,95,1,2026-09-24T20:40:00+00:00
demo-iphone,iphone,97,1,2026-09-24T20:50:00+00:00
demo-iphone,iphone,99,1,2026-09-24T21:00:00+00:00
demo-iphone,iphone,100,1,2026-09-24T21:10:00+00:00
demo-iphone,iphone,100,1,2026-09-24T21:20:00+00:00
demo-iphone,iphone,100,1,2026-09-24T21:30:00+00:00
demo-iphone,iphone,100,1,2026-09-24T21:40:00+00:00
demo-iphone,iphone,100,1,2026-09-24T21:50:00+00:00
demo-iphone,iphone,100,1,2026-09-24T22:00:00+00:00
demo-iphone,iphone,100,1,2026-09-24T22:10:00+00:00
demo-iphone,iphone,100,1,2026-09-24T22:20:00+00:00
demo-iphone,iphone,100,1,2026-09-24T22:30:00+00:00
demo-iphone,iphone,100,1,2026-09-24T22:40:00+00:00
demo-iphone,iphone,100,1,2026-09-24T22:50:00+00:00
demo-iphone,iphone,100,1,2026-09-24T23:00:00+00:00
demo-iphone,iphone,100,1,2026-09-24T23:10:00+00:00
demo-iphone,iphone,100,1,2026-09-24T23:20:00+00:00
demo-iphone,iphone,100,1,2026-09-24T23:30:00+00:00
demo-iphone,iphone,100,1,2026-09-24T23:40:00+00:00
demo-iphone,iphone,100,1,2026-09-24T23:50:00+00:00
demo-iphone,iphone,100,1,2026-09-25T00:00:00+00:00
demo-iphone,iphone,100,1,2026-09-25T00:10:00+00:00
demo-iphone,iphone,100,1,2026-09-25T00:20:00+00:00
demo-iphone,iphone,100,1,2026-09-25T00:30:00+00:00
demo-iphone,iphone,100,1,2026-09-25T00:40:00+00:00
demo-iphone,iphone,100,1,2026-09-25T00:50:00+00:00
demo-iphone,iphone,100,1,2026-09-25T01:00:00+00:00
demo-iphone,iphone,100,1,2026-09-25T01:10:00+00:00
demo-iphone,iphone,100,1,2026-09-25T01:20:00+00:00
demo-iphone,iphone,98,0,2026-09-25T01:30:00+00:00
demo-iphone,iphone,97,0,2026-09-25T01:40:00+00:00
demo-iphone,iphone,96,0,2026-09-25T01:50:00+00:00
demo-iphone,iphone,96,0,2026-09-25T02:00:00+00:00
demo-iphone,iphone,96,0,2026-09-25T02:10:00+00:00
demo-iphone,iphone,95,0,2026-09-25T02:20:00+00:00
demo-iphone,iphone,94,0,2026-09-25T02:30:00+00:00
demo-iphone,iphone,93,0,2026-09-25T02:40:00+00:00
demo-iphone,iphone,92,0,2026-09-25T02:50:00+00:00
demo-iphone,iphone,91,0,2026-09-25T03:00:00+00:00
demo-iphone,iphone,90,0,2026-09-25T03:10:00+00:00
demo-iphone,iphone,90,0,2026-09-25T03:20:00+00:00
demo-iphone,iphone,89,0,2026-09-25T03:30:00+00:00
demo-macbook,mac,64,0,2026-09-25T03:30:00+00:00
demo-iphone,iphone,89,0,2026-09-25T03:40:00+00:00
demo-macbook,mac,63,0,2026-09-25T03:40:00+00:00
demo-iphone,iphone,87,0,2026-09-25T03:50:00+00:00
demo-macbook,mac,62,0,2026-09-25T03:50:00+00:00
demo-iphone,iphone,86,0,2026-09-25T04:00:00+00:00
demo-macbook,mac,61,0,2026-09-25T04:00:00+00:00
demo-iphone,iphone,86,0,2026-09-25T04:10:00+00:00
demo-macbook,mac,60,0,2026-09-25T04:10:00+00:00
demo-iphone,iphone,85,0,2026-09-25T04:20:00+00:00
demo-macbook,mac,59,0,2026-09-25T04:20:00+00:00
demo-iphone,iphone,84,0,2026-09-25T04:30:00+00:00
demo-macbook,mac,57,0,2026-09-25T04:30:00+00:00
demo-iphone,iphone,83,0,2026-09-25T04:40:00+00:00
demo-macbook,mac,55,0,2026-09-25T04:40:00+00:00
demo-iphone,iphone,81,0,2026-09-25T04:50:00+00:00
demo-macbook,mac,53,0,2026-09-25T04:50:00+00:00
demo-iphone,iphone,79,0,2026-09-25T05:00:00+00:00
demo-macbook,mac,51,0,2026-09-25T05:00:00+00:00
demo-iphone,iphone,78,0,2026-09-25T05:10:00+00:00
demo-macbook,mac,49,0,2026-09-25T05:10:00+00:00
demo-iphone,iphone,77,0,2026-09-25T05:20:00+00:00
demo-macbook,mac,47,0,2026-09-25T05:20:00+00:00
demo-iphone,iphone,75,0,2026-09-25T05:30:00+00:00
demo-macbook,mac,45,0,2026-09-25T05:30:00+00:00
demo-iphone,iphone,74,0,2026-09-25T05:40:00+00:00
demo-macbook,mac,43,0,2026-09-25T05:40:00+00:00
demo-iphone,iphone,73,0,2026-09-25T05:50:00+00:00
demo-macbook,mac,42,0,2026-09-25T05:50:00+00:00
demo-iphone,iphone,72,0,2026-09-25T06:00:00+00:00
demo-macbook,mac,40,0,2026-09-25T06:00:00+00:00
demo-iphone,iphone,70,0,2026-09-25T06:10:00+00:00
demo-macbook,mac,38,0,2026-09-25T06:10:00+00:00
demo-iphone,iphone,68,0,2026-09-25T06:20:00+00:00
demo-macbook,mac,36,0,2026-09-25T06:20:00+00:00
demo-iphone,iphone,67,0,2026-09-25T06:30:00+00:00
demo-macbook,mac,34,0,2026-09-25T06:30:00+00:00
demo-iphone,iphone,67,0,2026-09-25T06:40:00+00:00
demo-macbook,mac,32,0,2026-09-25T06:40:00+00:00
demo-iphone,iphone,66,0,2026-09-25T06:50:00+00:00
demo-macbook,mac,29,0,2026-09-25T06:50:00+00:00
demo-iphone,iphone,64,0,2026-09-25T07:00:00+00:00
demo-macbook,mac,33,1,2026-09-25T07:00:00+00:00
demo-iphone,iphone,64,0,2026-09-25T07:10:00+00:00
demo-macbook,mac,37,1,2026-09-25T07:10:00+00:00
demo-iphone,iphone,63,0,2026-09-25T07:20:00+00:00
demo-macbook,mac,40,1,2026-09-25T07:20:00+00:00
demo-iphone,iphone,62,0,2026-09-25T07:30:00+00:00
demo-macbook,mac,44,1,2026-09-25T07:30:00+00:00
demo-iphone,iphone,61,0,2026-09-25T07:40:00+00:00
demo-macbook,mac,49,1,2026-09-25T07:40:00+00:00
demo-iphone,iphone,60,0,2026-09-25T07:50:00+00:00
demo-macbook,mac,54,1,2026-09-25T07:50:00+00:00
demo-iphone,iphone,60,0,2026-09-25T08:00:00+00:00
demo-macbook,mac,57,1,2026-09-25T08:00:00+00:00
demo-iphone,iphone,59,0,2026-09-25T08:10:00+00:00
demo-macbook,mac,61,1,2026-09-25T08:10:00+00:00
demo-iphone,iphone,58,0,2026-09-25T08:20:00+00:00
demo-macbook,mac,66,1,2026-09-25T08:20:00+00:00
demo-iphone,iphone,57,0,2026-09-25T08:30:00+00:00
demo-macbook,mac,70,1,2026-09-25T08:30:00+00:00
demo-iphone,iphone,56,0,2026-09-25T08:40:00+00:00
demo-macbook,mac,73,1,2026-09-25T08:40:00+00:00
demo-iphone,iphone,55,0,2026-09-25T08:50:00+00:00
demo-macbook,mac,76,1,2026-09-25T08:50:00+00:00
demo-iphone,iphone,54,0,2026-09-25T09:00:00+00:00
demo-macbook,mac,81,1,2026-09-25T09:00:00+00:00
demo-iphone,iphone,54,0,2026-09-25T09:10:00+00:00
demo-macbook,mac,86,1,2026-09-25T09:10:00+00:00
demo-iphone,iphone,53,0,2026-09-25T09:20:00+00:00
demo-macbook,mac,90,1,2026-09-25T09:20:00+00:00
demo-iphone,iphone,52,0,2026-09-25T09:30:00+00:00
demo-macbook,mac,94,1,2026-09-25T09:30:00+00:00
demo-iphone,iphone,52,0,2026-09-25T09:40:00+00:00
demo-macbook,mac,99,1,2026-09-25T09:40:00+00:00
demo-iphone,iphone,51,0,2026-09-25T09:50:00+00:00
demo-macbook,mac,97,0,2026-09-25T09:50:00+00:00
demo-iphone,iphone,50,0,2026-09-25T10:00:00+00:00
demo-macbook,mac,95,0,2026-09-25T10:00:00+00:00
demo-iphone,iphone,50,0,2026-09-25T10:10:00+00:00
demo-macbook,mac,93,0,2026-09-25T10:10:00+00:00
demo-iphone,iphone,49,0,2026-09-25T10:20:00+00:00
demo-macbook,mac,91,0,2026-09-25T10:20:00+00:00
demo-iphone,iphone,49,0,2026-09-25T10:30:00+00:00
demo-macbook,mac,89,0,2026-09-25T10:30:00+00:00
demo-iphone,iphone,48,0,2026-09-25T10:40:00+00:00
demo-macbook,mac,87,0,2026-09-25T10:40:00+00:00
demo-iphone,iphone,47,0,2026-09-25T10:50:00+00:00
demo-macbook,mac,85,0,2026-09-25T10:50:00+00:00
demo-iphone,iphone,47,0,2026-09-25T11:00:00+00:00
demo-macbook,mac,83,0,2026-09-25T11:00:00+00:00
demo-iphone,iphone,46,0,2026-09-25T11:10:00+00:00
demo-macbook,mac,81,0,2026-09-25T11:10:00+00:00
demo-iphone,iphone,44,0,2026-09-25T11:20:00+00:00
demo-macbook,mac,80,0,2026-09-25T11:20:00+00:00
demo-iphone,iphone,44,0,2026-09-25T11:30:00+00:00
demo-macbook,mac,77,0,2026-09-25T11:30:00+00:00
demo-iphone,iphone,42,0,2026-09-25T11:40:00+00:00
demo-macbook,mac,76,0,2026-09-25T11:40:00+00:00
demo-iphone,iphone,40,0,2026-09-25T11:50:00+00:00
demo-macbook,mac,74,0,2026-09-25T11:50:00+00:00
demo-iphone,iphone,38,0,2026-09-25T12:00:00+00:00
demo-macbook,mac,72,0,2026-09-25T12:00:00+00:00
demo-iphone,iphone,38,0,2026-09-25T12:10:00+00:00
demo-macbook,mac,70,0,2026-09-25T12:10:00+00:00
demo-iphone,iphone,37,0,2026-09-25T12:20:00+00:00
demo-macbook,mac,68,0,2026-09-25T12:20:00+00:00
demo-iphone,iphone,36,0,2026-09-25T12:30:00+00:00
demo-macbook,mac,67,0,2026-09-25T12:30:00+00:00
demo-iphone,iphone,35,0,2026-09-25T12:40:00+00:00
demo-macbook,mac,64,0,2026-09-25T12:40:00+00:00
demo-iphone,iphone,34,0,2026-09-25T12:50:00+00:00
demo-macbook,mac,63,0,2026-09-25T12:50:00+00:00
demo-iphone,iphone,34,0,2026-09-25T13:00:00+00:00
demo-macbook,mac,61,0,2026-09-25T13:00:00+00:00
demo-iphone,iphone,33,0,2026-09-25T13:10:00+00:00
demo-macbook,mac,59,0,2026-09-25T13:10:00+00:00
demo-iphone,iphone,31,0,2026-09-25T13:20:00+00:00
demo-macbook,mac,57,0,2026-09-25T13:20:00+00:00
demo-iphone,iphone,31,0,2026-09-25T13:30:00+00:00
demo-macbook,mac,56,0,2026-09-25T13:30:00+00:00
demo-iphone,iphone,30,0,2026-09-25T13:40:00+00:00
demo-macbook,mac,55,0,2026-09-25T13:40:00+00:00
demo-iphone,iphone,30,0,2026-09-25T13:50:00+00:00
demo-macbook,mac,53,0,2026-09-25T13:50:00+00:00
demo-iphone,iphone,28,0,2026-09-25T14:00:00+00:00
demo-macbook,mac,52,0,2026-09-25T14:00:00+00:00
demo-iphone,iphone,26,0,2026-09-25T14:10:00+00:00
demo-macbook,mac,51,0,2026-09-25T14:10:00+00:00
demo-iphone,iphone,25,0,2026-09-25T14:20:00+00:00
demo-macbook,mac,50,0,2026-09-25T14:20:00+00:00
demo-iphone,iphone,25,0,2026-09-25T14:30:00+00:00
demo-macbook,mac,49,0,2026-09-25T14:30:00+00:00
demo-iphone,iphone,24,0,2026-09-25T14:40:00+00:00
demo-macbook,mac,48,0,2026-09-25T14:40:00+00:00
demo-iphone,iphone,23,0,2026-09-25T14:50:00+00:00
demo-macbook,mac,47,0,2026-09-25T14:50:00+00:00
demo-iphone,iphone,23,0,2026-09-25T15:00:00+00:00
demo-macbook,mac,46,0,2026-09-25T15:00:00+00:00
demo-iphone,iphone,26,1,2026-09-25T15:10:00+00:00
demo-macbook,mac,45,0,2026-09-25T15:10:00+00:00
demo-iphone,iphone,31,1,2026-09-25T15:20:00+00:00
demo-macbook,mac,44,0,2026-09-25T15:20:00+00:00
demo-iphone,iphone,35,1,2026-09-25T15:30:00+00:00
demo-macbook,mac,43,0,2026-09-25T15:30:00+00:00
demo-iphone,iphone,39,1,2026-09-25T15:40:00+00:00
demo-macbook,mac,42,0,2026-09-25T15:40:00+00:00
demo-iphone,iphone,44,1,2026-09-25T15:50:00+00:00
demo-macbook,mac,40,0,2026-09-25T15:50:00+00:00
demo-iphone,iphone,48,1,2026-09-25T16:00:00+00:00
demo-macbook,mac,39,0,2026-09-25T16:00:00+00:00
demo-iphone,iphone,46,0,2026-09-25T16:10:00+00:00
demo-macbook,mac,38,0,2026-09-25T16:10:00+00:00
demo-iphone,iphone,45,0,2026-09-25T16:20:00+00:00
demo-macbook,mac,37,0,2026-09-25T16:20:00+00:00
demo-iphone,iphone,43,0,2026-09-25T16:30:00+00:00
demo-macbook,mac,36,0,2026-09-25T16:30:00+00:00
demo-iphone,iphone,43,0,2026-09-25T16:40:00+00:00
demo-macbook,mac,35,0,2026-09-25T16:40:00+00:00
demo-iphone,iphone,42,0,2026-09-25T16:50:00+00:00
demo-macbook,mac,34,0,2026-09-25T16:50:00+00:00
demo-iphone,iphone,42,0,2026-09-25T17:00:00+00:00
demo-macbook,mac,33,0,2026-09-25T17:00:00+00:00
demo-iphone,iphone,41,0,2026-09-25T17:10:00+00:00
demo-macbook,mac,32,0,2026-09-25T17:10:00+00:00
demo-iphone,iphone,40,0,2026-09-25T17:20:00+00:00
demo-macbook,mac,30,0,2026-09-25T17:20:00+00:00
demo-iphone,iphone,39,0,2026-09-25T17:30:00+00:00
demo-macbook,mac,29,0,2026-09-25T17:30:00+00:00
demo-iphone,iphone,39,0,2026-09-25T17:40:00+00:00
demo-macbook,mac,28,0,2026-09-25T17:40:00+00:00
demo-iphone,iphone,38,0,2026-09-25T17:50:00+00:00
demo-macbook,mac,27,0,2026-09-25T17:50:00+00:00
demo-iphone,iphone,41,1,2026-09-25T18:00:00+00:00
demo-macbook,mac,26,0,2026-09-25T18:00:00+00:00
demo-iphone,iphone,45,1,2026-09-25T18:10:00+00:00
demo-macbook,mac,25,0,2026-09-25T18:10:00+00:00
demo-iphone,iphone,49,1,2026-09-25T18:20:00+00:00
demo-macbook,mac,28,1,2026-09-25T18:20:00+00:00
demo-iphone,iphone,53,1,2026-09-25T18:30:00+00:00
demo-iphone,iphone,57,1,2026-09-25T18:40:00+00:00
demo-iphone,iphone,60,1,2026-09-25T18:50:00+00:00
demo-iphone,iphone,64,1,2026-09-25T19:00:00+00:00
demo-iphone,iphone,68,1,2026-09-25T19:10:00+00:00
demo-iphone,iphone,71,1,2026-09-25T19:20:00+00:00
demo-iphone,iphone,75,1,2026-09-25T19:30:00+00:00
demo-iphone,iphone,78,1,2026-09-25T19:40:00+00:00
demo-iphone,iphone,82,1,2026-09-25T19:50:00+00:00
demo-iphone,iphone,83,1,2026-09-25T20:00:00+00:00
demo-iphone,iphone,85,1,2026-09-25T20:10:00+00:00
demo-iphone,iphone,87,1,2026-09-25T20:20:00+00:00
demo-iphone,iphone,88,1,2026-09-25T20:30:00+00:00
demo-iphone,iphone,90,1,2026-09-25T20:40:00+00:00
demo-iphone,iphone,91,1,2026-09-25T20:50:00+00:00
demo-iphone,iphone,92,1,2026-09-25T21:00:00+00:00
demo-iphone,iphone,93,1,2026-09-25T21:10:00+00:00
demo-iphone,iphone,95,1,2026-09-25T21:20:00+00:00
demo-iphone,iphone,96,1,2026-09-25T21:30:00+00:00
demo-iphone,iphone,98,1,2026-09-25T21:40:00+00:00
demo-iphone,iphone,99,1,2026-09-25T21:50:00+00:00
demo-iphone,iphone,100,1,2026-09-25T22:00:00+00:00
demo-iphone,iphone,100,1,2026-09-25T22:10:00+00:00
demo-iphone,iphone,100,1,2026-09-25T22:20:00+00:00
demo-iphone,iphone,100,1,2026-09-25T22:30:00+00:00
demo-iphone,iphone,100,1,2026-09-25T22:40:00+00:00
demo-iphone,iphone,100,1,2026-09-25T22:50:00+00:00
demo-iphone,iphone,100,1,2026-09-25T23:00:00+00:00
demo-iphone,iphone,100,1,2026-09-25T23:10:00+00:00
demo-iphone,iphone,100,1,2026-09-25T23:20:00+00:00
demo-iphone,iphone,100,1,2026-09-25T23:30:00+00:00
demo-iphone,iphone,100,1,2026-09-25T23:40:00+00:00
demo-iphone,iphone,100,1,2026-09-25T23:50:00+00:00
demo-iphone,iphone,100,1,2026-09-26T00:00:00+00:00
demo-iphone,iphone,100,1,2026-09-26T00:10:00+00:00
demo-iphone,iphone,100,1,2026-09-26T00:20:00+00:00
demo-iphone,iphone,100,1,2026-09-26T00:30:00+00:00
demo-iphone,iphone,100,1,2026-09-26T00:40:00+00:00
demo-iphone,iphone,100,1,2026-09-26T00:50:00+00:00
demo-iphone,iphone,100,1,2026-09-26T01:00:00+00:00
demo-iphone,iphone,100,1,2026-09-26T01:10:00+00:00
demo-iphone,iphone,100,1,2026-09-26T01:20:00+00:00
demo-iphone,iphone,98,0,2026-09-26T01:30:00+00:00
demo-iphone,iphone,97,0,2026-09-26T01:40:00+00:00
demo-iphone,iphone,97,0,2026-09-26T01:50:00+00:00
demo-iphone,iphone,96,0,2026-09-26T02:00:00+00:00
demo-iphone,iphone,96,0,2026-09-26T02:10:00+00:00
demo-iphone,iphone,95,0,2026-09-26T02:20:00+00:00
demo-iphone,iphone,94,0,2026-09-26T02:30:00+00:00
demo-iphone,iphone,93,0,2026-09-26T02:40:00+00:00
demo-iphone,iphone,93,0,2026-09-26T02:50:00+00:00
demo-iphone,iphone,92,0,2026-09-26T03:00:00+00:00
demo-iphone,iphone,90,0,2026-09-26T03:10:00+00:00
demo-iphone,iphone,89,0,2026-09-26T03:20:00+00:00
demo-iphone,iphone,87,0,2026-09-26T03:30:00+00:00
demo-macbook,mac,28,1,2026-09-26T03:30:00+00:00
demo-iphone,iphone,86,0,2026-09-26T03:40:00+00:00
demo-macbook,mac,32,1,2026-09-26T03:40:00+00:00
demo-iphone,iphone,85,0,2026-09-26T03:50:00+00:00
demo-macbook,mac,37,1,2026-09-26T03:50:00+00:00
demo-iphone,iphone,85,0,2026-09-26T04:00:00+00:00
demo-macbook,mac,41,1,2026-09-26T04:00:00+00:00
demo-iphone,iphone,84,0,2026-09-26T04:10:00+00:00
demo-macbook,mac,45,1,2026-09-26T04:10:00+00:00
demo-iphone,iphone,83,0,2026-09-26T04:20:00+00:00
demo-macbook,mac,49,1,2026-09-26T04:20:00+00:00
demo-iphone,iphone,83,0,2026-09-26T04:30:00+00:00
demo-macbook,mac,52,1,2026-09-26T04:30:00+00:00
demo-iphone,iphone,82,0,2026-09-26T04:40:00+00:00
demo-macbook,mac,56,1,2026-09-26T04:40:00+00:00
demo-iphone,iphone,81,0,2026-09-26T04:50:00+00:00
demo-macbook,mac,61,1,2026-09-26T04:50:00+00:00
demo-iphone,iphone,80,0,2026-09-26T05:00:00+00:00
demo-macbook,mac,65,1,2026-09-26T05:00:00+00:00
demo-iphone,iphone,79,0,2026-09-26T05:10:00+00:00
demo-macbook,mac,68,1,2026-09-26T05:10:00+00:00
demo-iphone,iphone,78,0,2026-09-26T05:20:00+00:00
demo-macbook,mac,73,1,2026-09-26T05:20:00+00:00
demo-iphone,iphone,77,0,2026-09-26T05:30:00+00:00
demo-macbook,mac,77,1,2026-09-26T05:30:00+00:00
demo-iphone,iphone,76,0,2026-09-26T05:40:00+00:00
demo-macbook,mac,81,1,2026-09-26T05:40:00+00:00
demo-iphone,iphone,76,0,2026-09-26T05:50:00+00:00
demo-macbook,mac,84,1,2026-09-26T05:50:00+00:00
demo-iphone,iphone,75,0,2026-09-26T06:00:00+00:00
demo-macbook,mac,89,1,2026-09-26T06:00:00+00:00
demo-iphone,iphone,74,0,2026-09-26T06:10:00+00:00
demo-macbook,mac,94,1,2026-09-26T06:10:00+00:00
demo-iphone,iphone,73,0,2026-09-26T06:20:00+00:00
demo-macbook,mac,93,0,2026-09-26T06:20:00+00:00
demo-iphone,iphone,72,0,2026-09-26T06:30:00+00:00
demo-macbook,mac,92,0,2026-09-26T06:30:00+00:00
demo-iphone,iphone,70,0,2026-09-26T06:40:00+00:00
demo-macbook,mac,91,0,2026-09-26T06:40:00+00:00
demo-iphone,iphone,69,0,2026-09-26T06:50:00+00:00
demo-macbook,mac,89,0,2026-09-26T06:50:00+00:00
demo-iphone,iphone,68,0,2026-09-26T07:00:00+00:00
demo-macbook,mac,88,0,2026-09-26T07:00:00+00:00
demo-iphone,iphone,68,0,2026-09-26T07:10:00+00:00
demo-macbook,mac,87,0,2026-09-26T07:10:00+00:00
demo-iphone,iphone,67,0,2026-09-26T07:20:00+00:00
demo-macbook,mac,86,0,2026-09-26T07:20:00+00:00
demo-iphone,iphone,66,0,2026-09-26T07:30:00+00:00
demo-macbook,mac,85,0,2026-09-26T07:30:00+00:00
demo-iphone,iphone,66,0,2026-09-26T07:40:00+00:00
demo-macbook,mac,84,0,2026-09-26T07:40:00+00:00
demo-iphone,iphone,65,0,2026-09-26T07:50:00+00:00
demo-macbook,mac,82,0,2026-09-26T07:50:00+00:00
demo-iphone,iphone,64,0,2026-09-26T08:00:00+00:00
demo-macbook,mac,81,0,2026-09-26T08:00:00+00:00
demo-iphone,iphone,63,0,2026-09-26T08:10:00+00:00
demo-macbook,mac,80,0,2026-09-26T08:10:00+00:00
demo-iphone,iphone,62,0,2026-09-26T08:20:00+00:00
demo-macbook,mac,79,0,2026-09-26T08:20:00+00:00
demo-iphone,iphone,60,0,2026-09-26T08:30:00+00:00
demo-macbook,mac,78,0,2026-09-26T08:30:00+00:00
demo-iphone,iphone,59,0,2026-09-26T08:40:00+00:00
demo-macbook,mac,77,0,2026-09-26T08:40:00+00:00
demo-iphone,iphone,58,0,2026-09-26T08:50:00+00:00
demo-macbook,mac,76,0,2026-09-26T08:50:00+00:00
demo-iphone,iphone,57,0,2026-09-26T09:00:00+00:00
demo-macbook,mac,74,0,2026-09-26T09:00:00+00:00
demo-iphone,iphone,56,0,2026-09-26T09:10:00+00:00
demo-macbook,mac,73,0,2026-09-26T09:10:00+00:00
demo-iphone,iphone,56,0,2026-09-26T09:20:00+00:00
demo-macbook,mac,72,0,2026-09-26T09:20:00+00:00
demo-iphone,iphone,55,0,2026-09-26T09:30:00+00:00
demo-macbook,mac,71,0,2026-09-26T09:30:00+00:00
demo-iphone,iphone,55,0,2026-09-26T09:40:00+00:00
demo-macbook,mac,70,0,2026-09-26T09:40:00+00:00
demo-iphone,iphone,54,0,2026-09-26T09:50:00+00:00
demo-macbook,mac,69,0,2026-09-26T09:50:00+00:00
demo-iphone,iphone,54,0,2026-09-26T10:00:00+00:00
demo-macbook,mac,67,0,2026-09-26T10:00:00+00:00
demo-iphone,iphone,53,0,2026-09-26T10:10:00+00:00
demo-macbook,mac,66,0,2026-09-26T10:10:00+00:00
demo-iphone,iphone,52,0,2026-09-26T10:20:00+00:00
demo-macbook,mac,65,0,2026-09-26T10:20:00+00:00
demo-iphone,iphone,51,0,2026-09-26T10:30:00+00:00
demo-macbook,mac,64,0,2026-09-26T10:30:00+00:00
demo-iphone,iphone,50,0,2026-09-26T10:40:00+00:00
demo-macbook,mac,63,0,2026-09-26T10:40:00+00:00
demo-iphone,iphone,50,0,2026-09-26T10:50:00+00:00
demo-macbook,mac,62,0,2026-09-26T10:50:00+00:00
demo-iphone,iphone,49,0,2026-09-26T11:00:00+00:00
demo-macbook,mac,61,0,2026-09-26T11:00:00+00:00
demo-iphone,iphone,48,0,2026-09-26T11:10:00+00:00
demo-macbook,mac,60,0,2026-09-26T11:10:00+00:00
demo-iphone,iphone,47,0,2026-09-26T11:20:00+00:00
demo-macbook,mac,59,0,2026-09-26T11:20:00+00:00
demo-iphone,iphone,45,0,2026-09-26T11:30:00+00:00
demo-macbook,mac,58,0,2026-09-26T11:30:00+00:00
demo-iphone,iphone,43,0,2026-09-26T11:40:00+00:00
demo-macbook,mac,57,0,2026-09-26T11:40:00+00:00
demo-iphone,iphone,42,0,2026-09-26T11:50:00+00:00
demo-macbook,mac,56,0,2026-09-26T11:50:00+00:00
demo-iphone,iphone,40,0,2026-09-26T12:00:00+00:00
demo-macbook,mac,54,0,2026-09-26T12:00:00+00:00
demo-iphone,iphone,39,0,2026-09-26T12:10:00+00:00
demo-macbook,mac,53,0,2026-09-26T12:10:00+00:00
demo-iphone,iphone,38,0,2026-09-26T12:20:00+00:00
demo-macbook,mac,52,0,2026-09-26T12:20:00+00:00
demo-iphone,iphone,37,0,2026-09-26T12:30:00+00:00
demo-macbook,mac,51,0,2026-09-26T12:30:00+00:00
demo-iphone,iphone,37,0,2026-09-26T12:40:00+00:00
demo-macbook,mac,50,0,2026-09-26T12:40:00+00:00
demo-iphone,iphone,36,0,2026-09-26T12:50:00+00:00
demo-macbook,mac,49,0,2026-09-26T12:50:00+00:00
demo-iphone,iphone,35,0,2026-09-26T13:00:00+00:00
demo-macbook,mac,48,0,2026-09-26T13:00:00+00:00
demo-iphone,iphone,34,0,2026-09-26T13:10:00+00:00
demo-macbook,mac,47,0,2026-09-26T13:10:00+00:00
demo-iphone,iphone,33,0,2026-09-26T13:20:00+00:00
demo-macbook,mac,45,0,2026-09-26T13:20:00+00:00
demo-iphone,iphone,32,0,2026-09-26T13:30:00+00:00
demo-macbook,mac,44,0,2026-09-26T13:30:00+00:00
demo-iphone,iphone,32,0,2026-09-26T13:40:00+00:00
demo-macbook,mac,43,0,2026-09-26T13:40:00+00:00
demo-iphone,iphone,30,0,2026-09-26T13:50:00+00:00
demo-macbook,mac,42,0,2026-09-26T13:50:00+00:00
demo-iphone,iphone,29,0,2026-09-26T14:00:00+00:00
demo-macbook,mac,41,0,2026-09-26T14:00:00+00:00
demo-iphone,iphone,29,0,2026-09-26T14:10:00+00:00
demo-macbook,mac,40,0,2026-09-26T14:10:00+00:00
demo-iphone,iphone,27,0,2026-09-26T14:20:00+00:00
demo-macbook,mac,39,0,2026-09-26T14:20:00+00:00
demo-iphone,iphone,26,0,2026-09-26T14:30:00+00:00
demo-macbook,mac,38,0,2026-09-26T14:30:00+00:00
demo-iphone,iphone,26,0,2026-09-26T14:40:00+00:00
demo-macbook,mac,37,0,2026-09-26T14:40:00+00:00
demo-iphone,iphone,25,0,2026-09-26T14:50:00+00:00
demo-macbook,mac,36,0,2026-09-26T14:50:00+00:00
demo-iphone,iphone,24,0,2026-09-26T15:00:00+00:00
demo-macbook,mac,35,0,2026-09-26T15:00:00+00:00
demo-iphone,iphone,23,0,2026-09-26T15:10:00+00:00
demo-macbook,mac,34,0,2026-09-26T15:10:00+00:00
demo-iphone,iphone,27,1,2026-09-26T15:20:00+00:00
demo-macbook,mac,33,0,2026-09-26T15:20:00+00:00
demo-iphone,iphone,31,1,2026-09-26T15:30:00+00:00
demo-macbook,mac,32,0,2026-09-26T15:30:00+00:00
demo-iphone,iphone,35,1,2026-09-26T15:40:00+00:00
demo-macbook,mac,31,0,2026-09-26T15:40:00+00:00
demo-iphone,iphone,39,1,2026-09-26T15:50:00+00:00
demo-macbook,mac,29,0,2026-09-26T15:50:00+00:00
demo-iphone,iphone,43,1,2026-09-26T16:00:00+00:00
demo-macbook,mac,28,0,2026-09-26T16:00:00+00:00
demo-iphone,iphone,42,0,2026-09-26T16:10:00+00:00
demo-macbook,mac,27,0,2026-09-26T16:10:00+00:00
demo-iphone,iphone,41,0,2026-09-26T16:20:00+00:00
demo-macbook,mac,31,1,2026-09-26T16:20:00+00:00
demo-iphone,iphone,40,0,2026-09-26T16:30:00+00:00
demo-macbook,mac,35,1,2026-09-26T16:30:00+00:00
demo-iphone,iphone,39,0,2026-09-26T16:40:00+00:00
demo-macbook,mac,39,1,2026-09-26T16:40:00+00:00
demo-iphone,iphone,38,0,2026-09-26T16:50:00+00:00
demo-macbook,mac,43,1,2026-09-26T16:50:00+00:00
demo-iphone,iphone,36,0,2026-09-26T17:00:00+00:00
demo-macbook,mac,47,1,2026-09-26T17:00:00+00:00
demo-iphone,iphone,35,0,2026-09-26T17:10:00+00:00
demo-macbook,mac,50,1,2026-09-26T17:10:00+00:00
demo-iphone,iphone,34,0,2026-09-26T17:20:00+00:00
demo-macbook,mac,55,1,2026-09-26T17:20:00+00:00
demo-iphone,iphone,33,0,2026-09-26T17:30:00+00:00
demo-macbook,mac,60,1,2026-09-26T17:30:00+00:00
demo-iphone,iphone,33,0,2026-09-26T17:40:00+00:00
demo-macbook,mac,63,1,2026-09-26T17:40:00+00:00
demo-iphone,iphone,32,0,2026-09-26T17:50:00+00:00
demo-macbook,mac,66,1,2026-09-26T17:50:00+00:00
demo-iphone,iphone,36,1,2026-09-26T18:00:00+00:00
demo-macbook,mac,70,1,2026-09-26T18:00:00+00:00
demo-iphone,iphone,40,1,2026-09-26T18:10:00+00:00
demo-macbook,mac,75,1,2026-09-26T18:10:00+00:00
demo-iphone,iphone,44,1,2026-09-26T18:20:00+00:00
demo-macbook,mac,78,1,2026-09-26T18:20:00+00:00
demo-iphone,iphone,47,1,2026-09-26T18:30:00+00:00
demo-iphone,iphone,51,1,2026-09-26T18:40:00+00:00
demo-iphone,iphone,54,1,2026-09-26T18:50:00+00:00
demo-iphone,iphone,58,1,2026-09-26T19:00:00+00:00
demo-iphone,iphone,61,1,2026-09-26T19:10:00+00:00
demo-iphone,iphone,65,1,2026-09-26T19:20:00+00:00
demo-iphone,iphone,68,1,2026-09-26T19:30:00+00:00
demo-iphone,iphone,72,1,2026-09-26T19:40:00+00:00
demo-iphone,iphone,75,1,2026-09-26T19:50:00+00:00
demo-iphone,iphone,79,1,2026-09-26T20:00:00+00:00
demo-iphone,iphone,82,1,2026-09-26T20:10:00+00:00
demo-iphone,iphone,84,1,2026-09-26T20:20:00+00:00
demo-iphone,iphone,86,1,2026-09-26T20:30:00+00:00
demo-iphone,iphone,87,1,2026-09-26T20:40:00+00:00
demo-iphone,iphone,89,1,2026-09-26T20:50:00+00:00
demo-iphone,iphone,90,1,2026-09-26T21:00:00+00:00
demo-iphone,iphone,91,1,2026-09-26T21:10:00+00:00
demo-iphone,iphone,93,1,2026-09-26T21:20:00+00:00
demo-iphone,iphone,94,1,2026-09-26T21:30:00+00:00
demo-iphone,iphone,96,1,2026-09-26T21:40:00+00:00
demo-iphone,iphone,98,1,2026-09-26T21:50:00+00:00
demo-iphone,iphone,100,1,2026-09-26T22:00:00+00:00
demo-iphone,iphone,100,1,2026-09-26T22:10:00+00:00
demo-iphone,iphone,100,1,2026-09-26T22:20:00+00:00
demo-iphone,iphone,100,1,2026-09-26T22:30:00+00:00
demo-iphone,iphone,100,1,2026-09-26T22:40:00+00:00
demo-iphone,iphone,100,1,2026-09-26T22:50:00+00:00
demo-iphone,iphone,100,1,2026-09-26T23:00:00+00:00
demo-iphone,iphone,100,1,2026-09-26T23:10:00+00:00
demo-iphone,iphone,100,1,2026-09-26T23:20:00+00:00
demo-iphone,iphone,100,1,2026-09-26T23:30:00+00:00
demo-iphone,iphone,100,1,2026-09-26T23:40:00+00:00
demo-iphone,iphone,100,1,2026-09-26T23:50:00+00:00
demo-iphone,iphone,100,1,2026-09-27T00:00:00+00:00
demo-iphone,iphone,100,1,2026-09-27T00:10:00+00:00
demo-iphone,iphone,100,1,2026-09-27T00:20:00+00:00
demo-iphone,iphone,100,1,2026-09-27T00:30:00+00:00
demo-iphone,iphone,100,1,2026-09-27T00:40:00+00:00
demo-iphone,iphone,100,1,2026-09-27T00:50:00+00:00
demo-iphone,iphone,100,1,2026-09-27T01:00:00+00:00
demo-iphone,iphone,100,1,2026-09-27T01:10:00+00:00
demo-iphone,iphone,100,1,2026-09-27T01:20:00+00:00
demo-iphone,iphone,99,0,2026-09-27T01:30:00+00:00
demo-iphone,iphone,99,0,2026-09-27T01:40:00+00:00
demo-iphone,iphone,98,0,2026-09-27T01:50:00+00:00
demo-iphone,iphone,97,0,2026-09-27T02:00:00+00:00
demo-iphone,iphone,97,0,2026-09-27T02:10:00+00:00
demo-iphone,iphone,96,0,2026-09-27T02:20:00+00:00
demo-iphone,iphone,95,0,2026-09-27T02:30:00+00:00
demo-iphone,iphone,94,0,2026-09-27T02:40:00+00:00
demo-iphone,iphone,94,0,2026-09-27T02:50:00+00:00
demo-iphone,iphone,93,0,2026-09-27T03:00:00+00:00
demo-iphone,iphone,93,0,2026-09-27T03:10:00+00:00
demo-iphone,iphone,92,0,2026-09-27T03:20:00+00:00
demo-iphone,iphone,92,0,2026-09-27T03:30:00+00:00
demo-macbook,mac,79,1,2026-09-27T03:30:00+00:00
demo-iphone,iphone,91,0,2026-09-27T03:40:00+00:00
demo-macbook,mac,83,1,2026-09-27T03:40:00+00:00
demo-iphone,iphone,91,0,2026-09-27T03:50:00+00:00
demo-macbook,mac,87,1,2026-09-27T03:50:00+00:00
demo-iphone,iphone,89,0,2026-09-27T04:00:00+00:00
demo-macbook,mac,91,1,2026-09-27T04:00:00+00:00
demo-iphone,iphone,87,0,2026-09-27T04:10:00+00:00
demo-macbook,mac,95,1,2026-09-27T04:10:00+00:00
demo-iphone,iphone,85,0,2026-09-27T04:20:00+00:00
demo-macbook,mac,100,1,2026-09-27T04:20:00+00:00
demo-iphone,iphone,85,0,2026-09-27T04:30:00+00:00
demo-macbook,mac,99,0,2026-09-27T04:30:00+00:00
demo-iphone,iphone,84,0,2026-09-27T04:40:00+00:00
demo-macbook,mac,98,0,2026-09-27T04:40:00+00:00
demo-iphone,iphone,82,0,2026-09-27T04:50:00+00:00
demo-macbook,mac,97,0,2026-09-27T04:50:00+00:00
demo-iphone,iphone,81,0,2026-09-27T05:00:00+00:00
demo-macbook,mac,96,0,2026-09-27T05:00:00+00:00
demo-iphone,iphone,80,0,2026-09-27T05:10:00+00:00
demo-macbook,mac,95,0,2026-09-27T05:10:00+00:00
demo-iphone,iphone,79,0,2026-09-27T05:20:00+00:00
demo-macbook,mac,94,0,2026-09-27T05:20:00+00:00
demo-iphone,iphone,78,0,2026-09-27T05:30:00+00:00
demo-macbook,mac,93,0,2026-09-27T05:30:00+00:00
demo-iphone,iphone,77,0,2026-09-27T05:40:00+00:00
demo-macbook,mac,92,0,2026-09-27T05:40:00+00:00
demo-iphone,iphone,77,0,2026-09-27T05:50:00+00:00
demo-macbook,mac,91,0,2026-09-27T05:50:00+00:00
demo-iphone,iphone,75,0,2026-09-27T06:00:00+00:00
demo-macbook,mac,90,0,2026-09-27T06:00:00+00:00
demo-iphone,iphone,74,0,2026-09-27T06:10:00+00:00
demo-macbook,mac,88,0,2026-09-27T06:10:00+00:00
demo-iphone,iphone,73,0,2026-09-27T06:20:00+00:00
demo-macbook,mac,88,0,2026-09-27T06:20:00+00:00
demo-iphone,iphone,73,0,2026-09-27T06:30:00+00:00
demo-macbook,mac,86,0,2026-09-27T06:30:00+00:00
demo-iphone,iphone,72,0,2026-09-27T06:40:00+00:00
demo-macbook,mac,86,0,2026-09-27T06:40:00+00:00
demo-iphone,iphone,71,0,2026-09-27T06:50:00+00:00
demo-macbook,mac,84,0,2026-09-27T06:50:00+00:00
demo-iphone,iphone,71,0,2026-09-27T07:00:00+00:00
demo-macbook,mac,83,0,2026-09-27T07:00:00+00:00
demo-iphone,iphone,70,0,2026-09-27T07:10:00+00:00
demo-macbook,mac,82,0,2026-09-27T07:10:00+00:00
demo-iphone,iphone,68,0,2026-09-27T07:20:00+00:00
demo-macbook,mac,81,0,2026-09-27T07:20:00+00:00
demo-iphone,iphone,67,0,2026-09-27T07:30:00+00:00
demo-macbook,mac,80,0,2026-09-27T07:30:00+00:00
demo-iphone,iphone,66,0,2026-09-27T07:40:00+00:00
demo-macbook,mac,79,0,2026-09-27T07:40:00+00:00
demo-iphone,iphone,66,0,2026-09-27T07:50:00+00:00
demo-macbook,mac,78,0,2026-09-27T07:50:00+00:00
demo-iphone,iphone,64,0,2026-09-27T08:00:00+00:00
demo-macbook,mac,77,0,2026-09-27T08:00:00+00:00
demo-iphone,iphone,63,0,2026-09-27T08:10:00+00:00
demo-macbook,mac,76,0,2026-09-27T08:10:00+00:00
demo-iphone,iphone,62,0,2026-09-27T08:20:00+00:00
demo-macbook,mac,75,0,2026-09-27T08:20:00+00:00
demo-iphone,iphone,61,0,2026-09-27T08:30:00+00:00
demo-macbook,mac,74,0,2026-09-27T08:30:00+00:00
demo-iphone,iphone,61,0,2026-09-27T08:40:00+00:00
demo-macbook,mac,72,0,2026-09-27T08:40:00+00:00
demo-iphone,iphone,60,0,2026-09-27T08:50:00+00:00
demo-macbook,mac,71,0,2026-09-27T08:50:00+00:00
demo-iphone,iphone,58,0,2026-09-27T09:00:00+00:00
demo-macbook,mac,70,0,2026-09-27T09:00:00+00:00
demo-iphone,iphone,57,0,2026-09-27T09:10:00+00:00
demo-macbook,mac,69,0,2026-09-27T09:10:00+00:00
demo-iphone,iphone,56,0,2026-09-27T09:20:00+00:00
demo-macbook,mac,68,0,2026-09-27T09:20:00+00:00
demo-iphone,iphone,55,0,2026-09-27T09:30:00+00:00
demo-macbook,mac,66,0,2026-09-27T09:30:00+00:00
demo-iphone,iphone,54,0,2026-09-27T09:40:00+00:00
demo-macbook,mac,65,0,2026-09-27T09:40:00+00:00
demo-iphone,iphone,53,0,2026-09-27T09:50:00+00:00
demo-macbook,mac,64,0,2026-09-27T09:50:00+00:00
demo-iphone,iphone,51,0,2026-09-27T10:00:00+00:00
demo-macbook,mac,63,0,2026-09-27T10:00:00+00:00
demo-iphone,iphone,50,0,2026-09-27T10:10:00+00:00
demo-macbook,mac,62,0,2026-09-27T10:10:00+00:00
demo-iphone,iphone,49,0,2026-09-27T10:20:00+00:00
demo-macbook,mac,60,0,2026-09-27T10:20:00+00:00
demo-iphone,iphone,49,0,2026-09-27T10:30:00+00:00
demo-macbook,mac,59,0,2026-09-27T10:30:00+00:00
demo-iphone,iphone,47,0,2026-09-27T10:40:00+00:00
demo-macbook,mac,58,0,2026-09-27T10:40:00+00:00
demo-iphone,iphone,46,0,2026-09-27T10:50:00+00:00
demo-macbook,mac,57,0,2026-09-27T10:50:00+00:00
demo-iphone,iphone,45,0,2026-09-27T11:00:00+00:00
demo-macbook,mac,56,0,2026-09-27T11:00:00+00:00
demo-iphone,iphone,45,0,2026-09-27T11:10:00+00:00
demo-macbook,mac,55,0,2026-09-27T11:10:00+00:00
demo-iphone,iphone,44,0,2026-09-27T11:20:00+00:00
demo-macbook,mac,54,0,2026-09-27T11:20:00+00:00
demo-iphone,iphone,43,0,2026-09-27T11:30:00+00:00
demo-macbook,mac,53,0,2026-09-27T11:30:00+00:00
demo-iphone,iphone,41,0,2026-09-27T11:40:00+00:00
demo-macbook,mac,52,0,2026-09-27T11:40:00+00:00
demo-iphone,iphone,41,0,2026-09-27T11:50:00+00:00
demo-macbook,mac,50,0,2026-09-27T11:50:00+00:00
demo-iphone,iphone,39,0,2026-09-27T12:00:00+00:00
demo-macbook,mac,49,0,2026-09-27T12:00:00+00:00
demo-iphone,iphone,39,0,2026-09-27T12:10:00+00:00
demo-macbook,mac,49,0,2026-09-27T12:10:00+00:00
demo-iphone,iphone,38,0,2026-09-27T12:20:00+00:00
demo-macbook,mac,48,0,2026-09-27T12:20:00+00:00
demo-iphone,iphone,38,0,2026-09-27T12:30:00+00:00
demo-macbook,mac,47,0,2026-09-27T12:30:00+00:00
demo-iphone,iphone,37,0,2026-09-27T12:40:00+00:00
demo-macbook,mac,46,0,2026-09-27T12:40:00+00:00
demo-iphone,iphone,36,0,2026-09-27T12:50:00+00:00
demo-macbook,mac,45,0,2026-09-27T12:50:00+00:00
demo-iphone,iphone,35,0,2026-09-27T13:00:00+00:00
demo-macbook,mac,44,0,2026-09-27T13:00:00+00:00
demo-iphone,iphone,33,0,2026-09-27T13:10:00+00:00
demo-macbook,mac,43,0,2026-09-27T13:10:00+00:00
demo-iphone,iphone,33,0,2026-09-27T13:20:00+00:00
demo-macbook,mac,41,0,2026-09-27T13:20:00+00:00
demo-iphone,iphone,32,0,2026-09-27T13:30:00+00:00
demo-macbook,mac,40,0,2026-09-27T13:30:00+00:00
demo-iphone,iphone,31,0,2026-09-27T13:40:00+00:00
demo-macbook,mac,39,0,2026-09-27T13:40:00+00:00
demo-iphone,iphone,31,0,2026-09-27T13:50:00+00:00
demo-macbook,mac,38,0,2026-09-27T13:50:00+00:00
demo-iphone,iphone,30,0,2026-09-27T14:00:00+00:00
demo-macbook,mac,37,0,2026-09-27T14:00:00+00:00
demo-iphone,iphone,29,0,2026-09-27T14:10:00+00:00
demo-macbook,mac,36,0,2026-09-27T14:10:00+00:00
demo-iphone,iphone,29,0,2026-09-27T14:20:00+00:00
demo-macbook,mac,35,0,2026-09-27T14:20:00+00:00
demo-iphone,iphone,28,0,2026-09-27T14:30:00+00:00
demo-macbook,mac,34,0,2026-09-27T14:30:00+00:00
demo-iphone,iphone,27,0,2026-09-27T14:40:00+00:00
demo-macbook,mac,33,0,2026-09-27T14:40:00+00:00
demo-iphone,iphone,26,0,2026-09-27T14:50:00+00:00
demo-macbook,mac,32,0,2026-09-27T14:50:00+00:00
demo-iphone,iphone,24,0,2026-09-27T15:00:00+00:00
demo-macbook,mac,31,0,2026-09-27T15:00:00+00:00
demo-iphone,iphone,23,0,2026-09-27T15:10:00+00:00
demo-macbook,mac,29,0,2026-09-27T15:10:00+00:00
demo-iphone,iphone,23,0,2026-09-27T15:20:00+00:00
demo-macbook,mac,28,0,2026-09-27T15:20:00+00:00
demo-iphone,iphone,27,1,2026-09-27T15:30:00+00:00
demo-macbook,mac,33,1,2026-09-27T15:30:00+00:00
demo-iphone,iphone,31,1,2026-09-27T15:40:00+00:00
demo-macbook,mac,38,1,2026-09-27T15:40:00+00:00
demo-iphone,iphone,35,1,2026-09-27T15:50:00+00:00
demo-macbook,mac,42,1,2026-09-27T15:50:00+00:00
demo-iphone,iphone,39,1,2026-09-27T16:00:00+00:00
demo-macbook,mac,46,1,2026-09-27T16:00:00+00:00
demo-iphone,iphone,43,1,2026-09-27T16:10:00+00:00
demo-macbook,mac,50,1,2026-09-27T16:10:00+00:00
demo-iphone,iphone,46,1,2026-09-27T16:20:00+00:00
demo-macbook,mac,53,1,2026-09-27T16:20:00+00:00
demo-iphone,iphone,45,0,2026-09-27T16:30:00+00:00
demo-macbook,mac,57,1,2026-09-27T16:30:00+00:00
demo-iphone,iphone,45,0,2026-09-27T16:40:00+00:00
demo-macbook,mac,61,1,2026-09-27T16:40:00+00:00
demo-iphone,iphone,44,0,2026-09-27T16:50:00+00:00
demo-macbook,mac,64,1,2026-09-27T16:50:00+00:00
demo-iphone,iphone,43,0,2026-09-27T17:00:00+00:00
demo-macbook,mac,67,1,2026-09-27T17:00:00+00:00
demo-iphone,iphone,41,0,2026-09-27T17:10:00+00:00
demo-macbook,mac,71,1,2026-09-27T17:10:00+00:00
demo-iphone,iphone,40,0,2026-09-27T17:20:00+00:00
demo-macbook,mac,75,1,2026-09-27T17:20:00+00:00
demo-iphone,iphone,40,0,2026-09-27T17:30:00+00:00
demo-macbook,mac,79,1,2026-09-27T17:30:00+00:00
demo-iphone,iphone,39,0,2026-09-27T17:40:00+00:00
demo-macbook,mac,83,1,2026-09-27T17:40:00+00:00
demo-iphone,iphone,39,0,2026-09-27T17:50:00+00:00
demo-macbook,mac,87,1,2026-09-27T17:50:00+00:00
demo-iphone,iphone,42,1,2026-09-27T18:00:00+00:00
demo-macbook,mac,91,1,2026-09-27T18:00:00+00:00
demo-iphone,iphone,46,1,2026-09-27T18:10:00+00:00
demo-macbook,mac,95,1,2026-09-27T18:10:00+00:00
demo-iphone,iphone,50,1,2026-09-27T18:20:00+00:00
demo-macbook,mac,94,0,2026-09-27T18:20:00+00:00
demo-iphone,iphone,54,1,2026-09-27T18:30:00+00:00
demo-iphone,iphone,58,1,2026-09-27T18:40:00+00:00
demo-iphone,iphone,61,1,2026-09-27T18:50:00+00:00
demo-iphone,iphone,65,1,2026-09-27T19:00:00+00:00
demo-iphone,iphone,68,1,2026-09-27T19:10:00+00:00
demo-iphone,iphone,72,1,2026-09-27T19:20:00+00:00
demo-iphone,iphone,76,1,2026-09-27T19:30:00+00:00
demo-iphone,iphone,79,1,2026-09-27T19:40:00+00:00
demo-iphone,iphone,83,1,2026-09-27T19:50:00+00:00
demo-iphone,iphone,85,1,2026-09-27T20:00:00+00:00
demo-iphone,iphone,86,1,2026-09-27T20:10:00+00:00
demo-iphone,iphone,88,1,2026-09-27T20:20:00+00:00
demo-iphone,iphone,89,1,2026-09-27T20:30:00+00:00
demo-iphone,iphone,91,1,2026-09-27T20:40:00+00:00
demo-iphone,iphone,92,1,2026-09-27T20:50:00+00:00
demo-iphone,iphone,93,1,2026-09-27T21:00:00+00:00
demo-iphone,iphone,95,1,2026-09-27T21:10:00+00:00
demo-iphone,iphone,96,1,2026-09-27T21:20:00+00:00
demo-iphone,iphone,98,1,2026-09-27T21:30:00+00:00
demo-iphone,iphone,99,1,2026-09-27T21:40:00+00:00
demo-iphone,iphone,100,1,2026-09-27T21:50:00+00:00
demo-iphone,iphone,100,1,2026-09-27T22:00:00+00:00
demo-iphone,iphone,100,1,2026-09-27T22:10:00+00:00
demo-iphone,iphone,100,1,2026-09-27T22:20:00+00:00
demo-iphone,iphone,100,1,2026-09-27T22:30:00+00:00
demo-iphone,iphone,100,1,2026-09-27T22:40:00+00:00
demo-iphone,iphone,100,1,2026-09-27T22:50:00+00:00
demo-iphone,iphone,100,1,2026-09-27T23:00:00+00:00
demo-iphone,iphone,100,1,2026-09-27T23:10:00+00:00
demo-iphone,iphone,100,1,2026-09-27T23:20:00+00:00
demo-iphone,iphone,100,1,2026-09-27T23:30:00+00:00
demo-iphone,iphone,100,1,2026-09-27T23:40:00+00:00
demo-iphone,iphone,100,1,2026-09-27T23:50:00+00:00
demo-iphone,iphone,100,1,2026-09-28T00:00:00+00:00
demo-iphone,iphone,100,1,2026-09-28T00:10:00+00:00
demo-iphone,iphone,100,1,2026-09-28T00:20:00+00:00
demo-iphone,iphone,100,1,2026-09-28T00:30:00+00:00
demo-iphone,iphone,100,1,2026-09-28T00:40:00+00:00
demo-iphone,iphone,100,1,2026-09-28T00:50:00+00:00
demo-iphone,iphone,100,1,2026-09-28T01:00:00+00:00
demo-iphone,iphone,100,1,2026-09-28T01:10:00+00:00
demo-iphone,iphone,100,1,2026-09-28T01:20:00+00:00
demo-iphone,iphone,99,0,2026-09-28T01:30:00+00:00
demo-iphone,iphone,98,0,2026-09-28T01:40:00+00:00
demo-iphone,iphone,97,0,2026-09-28T01:50:00+00:00
demo-iphone,iphone,97,0,2026-09-28T02:00:00+00:00
demo-iphone,iphone,96,0,2026-09-28T02:10:00+00:00
demo-iphone,iphone,96,0,2026-09-28T02:20:00+00:00
demo-iphone,iphone,95,0,2026-09-28T02:30:00+00:00
demo-iphone,iphone,94,0,2026-09-28T02:40:00+00:00
demo-iphone,iphone,94,0,2026-09-28T02:50:00+00:00
demo-iphone,iphone,93,0,2026-09-28T03:00:00+00:00
demo-iphone,iphone,93,0,2026-09-28T03:10:00+00:00
demo-iphone,iphone,92,0,2026-09-28T03:20:00+00:00
demo-iphone,iphone,92,0,2026-09-28T03:30:00+00:00
demo-macbook,mac,90,0,2026-09-28T03:30:00+00:00
demo-iphone,iphone,91,0,2026-09-28T03:40:00+00:00
demo-macbook,mac,89,0,2026-09-28T03:40:00+00:00
demo-iphone,iphone,90,0,2026-09-28T03:50:00+00:00
demo-macbook,mac,87,0,2026-09-28T03:50:00+00:00
demo-iphone,iphone,88,0,2026-09-28T04:00:00+00:00
demo-macbook,mac,86,0,2026-09-28T04:00:00+00:00
demo-iphone,iphone,87,0,2026-09-28T04:10:00+00:00
demo-macbook,mac,85,0,2026-09-28T04:10:00+00:00
demo-iphone,iphone,86,0,2026-09-28T04:20:00+00:00
demo-macbook,mac,84,0,2026-09-28T04:20:00+00:00
demo-iphone,iphone,85,0,2026-09-28T04:30:00+00:00
demo-macbook,mac,82,0,2026-09-28T04:30:00+00:00
demo-iphone,iphone,84,0,2026-09-28T04:40:00+00:00
demo-macbook,mac,80,0,2026-09-28T04:40:00+00:00
demo-iphone,iphone,83,0,2026-09-28T04:50:00+00:00
demo-macbook,mac,78,0,2026-09-28T04:50:00+00:00
demo-iphone,iphone,83,0,2026-09-28T05:00:00+00:00
demo-macbook,mac,76,0,2026-09-28T05:00:00+00:00
demo-iphone,iphone,82,0,2026-09-28T05:10:00+00:00
demo-macbook,mac,74,0,2026-09-28T05:10:00+00:00
demo-iphone,iphone,81,0,2026-09-28T05:20:00+00:00
demo-macbook,mac,73,0,2026-09-28T05:20:00+00:00
demo-iphone,iphone,81,0,2026-09-28T05:30:00+00:00
demo-macbook,mac,71,0,2026-09-28T05:30:00+00:00
demo-iphone,iphone,80,0,2026-09-28T05:40:00+00:00
demo-macbook,mac,69,0,2026-09-28T05:40:00+00:00
demo-iphone,iphone,79,0,2026-09-28T05:50:00+00:00
demo-macbook,mac,67,0,2026-09-28T05:50:00+00:00
demo-iphone,iphone,79,0,2026-09-28T06:00:00+00:00
demo-macbook,mac,65,0,2026-09-28T06:00:00+00:00
demo-iphone,iphone,78,0,2026-09-28T06:10:00+00:00
demo-macbook,mac,63,0,2026-09-28T06:10:00+00:00
demo-iphone,iphone,77,0,2026-09-28T06:20:00+00:00
demo-macbook,mac,61,0,2026-09-28T06:20:00+00:00
demo-iphone,iphone,76,0,2026-09-28T06:30:00+00:00
demo-macbook,mac,60,0,2026-09-28T06:30:00+00:00
demo-iphone,iphone,75,0,2026-09-28T06:40:00+00:00
demo-macbook,mac,58,0,2026-09-28T06:40:00+00:00
demo-iphone,iphone,74,0,2026-09-28T06:50:00+00:00
demo-macbook,mac,55,0,2026-09-28T06:50:00+00:00
demo-iphone,iphone,73,0,2026-09-28T07:00:00+00:00
demo-macbook,mac,54,0,2026-09-28T07:00:00+00:00
demo-iphone,iphone,73,0,2026-09-28T07:10:00+00:00
demo-macbook,mac,52,0,2026-09-28T07:10:00+00:00
demo-iphone,iphone,72,0,2026-09-28T07:20:00+00:00
demo-macbook,mac,49,0,2026-09-28T07:20:00+00:00
demo-iphone,iphone,71,0,2026-09-28T07:30:00+00:00
demo-macbook,mac,48,0,2026-09-28T07:30:00+00:00
demo-iphone,iphone,70,0,2026-09-28T07:40:00+00:00
demo-macbook,mac,46,0,2026-09-28T07:40:00+00:00
demo-iphone,iphone,68,0,2026-09-28T07:50:00+00:00
demo-macbook,mac,44,0,2026-09-28T07:50:00+00:00
demo-iphone,iphone,68,0,2026-09-28T08:00:00+00:00
demo-macbook,mac,42,0,2026-09-28T08:00:00+00:00
demo-iphone,iphone,67,0,2026-09-28T08:10:00+00:00
demo-macbook,mac,40,0,2026-09-28T08:10:00+00:00
demo-iphone,iphone,66,0,2026-09-28T08:20:00+00:00
demo-macbook,mac,38,0,2026-09-28T08:20:00+00:00
demo-iphone,iphone,66,0,2026-09-28T08:30:00+00:00
demo-macbook,mac,36,0,2026-09-28T08:30:00+00:00
demo-iphone,iphone,65,0,2026-09-28T08:40:00+00:00
demo-macbook,mac,35,0,2026-09-28T08:40:00+00:00
demo-iphone,iphone,63,0,2026-09-28T08:50:00+00:00
demo-macbook,mac,33,0,2026-09-28T08:50:00+00:00
demo-iphone,iphone,62,0,2026-09-28T09:00:00+00:00
demo-macbook,mac,31,0,2026-09-28T09:00:00+00:00
demo-iphone,iphone,60,0,2026-09-28T09:10:00+00:00
demo-macbook,mac,29,0,2026-09-28T09:10:00+00:00
demo-iphone,iphone,60,0,2026-09-28T09:20:00+00:00
demo-macbook,mac,27,0,2026-09-28T09:20:00+00:00
demo-iphone,iphone,59,0,2026-09-28T09:30:00+00:00
demo-macbook,mac,25,0,2026-09-28T09:30:00+00:00
demo-iphone,iphone,58,0,2026-09-28T09:40:00+00:00
demo-macbook,mac,23,0,2026-09-28T09:40:00+00:00
demo-iphone,iphone,58,0,2026-09-28T09:50:00+00:00
demo-macbook,mac,27,1,2026-09-28T09:50:00+00:00
demo-iphone,iphone,57,0,2026-09-28T10:00:00+00:00
demo-macbook,mac,30,1,2026-09-28T10:00:00+00:00
demo-iphone,iphone,57,0,2026-09-28T10:10:00+00:00
demo-macbook,mac,35,1,2026-09-28T10:10:00+00:00
demo-iphone,iphone,56,0,2026-09-28T10:20:00+00:00
demo-macbook,mac,40,1,2026-09-28T10:20:00+00:00
demo-iphone,iphone,55,0,2026-09-28T10:30:00+00:00
demo-macbook,mac,45,1,2026-09-28T10:30:00+00:00
demo-iphone,iphone,53,0,2026-09-28T10:40:00+00:00
demo-macbook,mac,49,1,2026-09-28T10:40:00+00:00
demo-iphone,iphone,52,0,2026-09-28T10:50:00+00:00
demo-macbook,mac,53,1,2026-09-28T10:50:00+00:00
demo-iphone,iphone,51,0,2026-09-28T11:00:00+00:00
demo-macbook,mac,58,1,2026-09-28T11:00:00+00:00
demo-iphone,iphone,50,0,2026-09-28T11:10:00+00:00
demo-macbook,mac,62,1,2026-09-28T11:10:00+00:00
demo-iphone,iphone,50,0,2026-09-28T11:20:00+00:00
demo-macbook,mac,66,1,2026-09-28T11:20:00+00:00
demo-iphone,iphone,49,0,2026-09-28T11:30:00+00:00
demo-macbook,mac,71,1,2026-09-28T11:30:00+00:00
demo-iphone,iphone,48,0,2026-09-28T11:40:00+00:00
demo-macbook,mac,74,1,2026-09-28T11:40:00+00:00
demo-iphone,iphone,48,0,2026-09-28T11:50:00+00:00
demo-macbook,mac,78,1,2026-09-28T11:50:00+00:00
demo-iphone,iphone,46,0,2026-09-28T12:00:00+00:00
demo-macbook,mac,82,1,2026-09-28T12:00:00+00:00
demo-iphone,iphone,45,0,2026-09-28T12:10:00+00:00
demo-macbook,mac,85,1,2026-09-28T12:10:00+00:00
demo-iphone,iphone,44,0,2026-09-28T12:20:00+00:00
demo-macbook,mac,88,1,2026-09-28T12:20:00+00:00
demo-iphone,iphone,44,0,2026-09-28T12:30:00+00:00
demo-macbook,mac,93,1,2026-09-28T12:30:00+00:00
demo-iphone,iphone,43,0,2026-09-28T12:40:00+00:00
demo-macbook,mac,91,0,2026-09-28T12:40:00+00:00
demo-iphone,iphone,42,0,2026-09-28T12:50:00+00:00
demo-macbook,mac,89,0,2026-09-28T12:50:00+00:00
demo-iphone,iphone,41,0,2026-09-28T13:00:00+00:00
demo-macbook,mac,87,0,2026-09-28T13:00:00+00:00
demo-iphone,iphone,40,0,2026-09-28T13:10:00+00:00
demo-macbook,mac,86,0,2026-09-28T13:10:00+00:00
demo-iphone,iphone,39,0,2026-09-28T13:20:00+00:00
demo-macbook,mac,83,0,2026-09-28T13:20:00+00:00
demo-iphone,iphone,38,0,2026-09-28T13:30:00+00:00
demo-macbook,mac,82,0,2026-09-28T13:30:00+00:00
demo-iphone,iphone,38,0,2026-09-28T13:40:00+00:00
demo-macbook,mac,81,0,2026-09-28T13:40:00+00:00
demo-iphone,iphone,36,0,2026-09-28T13:50:00+00:00
demo-macbook,mac,80,0,2026-09-28T13:50:00+00:00
demo-iphone,iphone,35,0,2026-09-28T14:00:00+00:00
demo-macbook,mac,79,0,2026-09-28T14:00:00+00:00
demo-iphone,iphone,35,0,2026-09-28T14:10:00+00:00
demo-macbook,mac,78,0,2026-09-28T14:10:00+00:00
demo-iphone,iphone,34,0,2026-09-28T14:20:00+00:00
demo-macbook,mac,77,0,2026-09-28T14:20:00+00:00
demo-iphone,iphone,34,0,2026-09-28T14:30:00+00:00
demo-macbook,mac,75,0,2026-09-28T14:30:00+00:00
demo-iphone,iphone,33,0,2026-09-28T14:40:00+00:00
demo-macbook,mac,74,0,2026-09-28T14:40:00+00:00
demo-iphone,iphone,32,0,2026-09-28T14:50:00+00:00
demo-macbook,mac,73,0,2026-09-28T14:50:00+00:00
demo-iphone,iphone,32,0,2026-09-28T15:00:00+00:00
demo-macbook,mac,72,0,2026-09-28T15:00:00+00:00
demo-iphone,iphone,31,0,2026-09-28T15:10:00+00:00
demo-macbook,mac,71,0,2026-09-28T15:10:00+00:00
demo-iphone,iphone,29,0,2026-09-28T15:20:00+00:00
demo-macbook,mac,70,0,2026-09-28T15:20:00+00:00
demo-iphone,iphone,28,0,2026-09-28T15:30:00+00:00
demo-macbook,mac,69,0,2026-09-28T15:30:00+00:00
demo-iphone,iphone,26,0,2026-09-28T15:40:00+00:00
demo-macbook,mac,68,0,2026-09-28T15:40:00+00:00
demo-iphone,iphone,26,0,2026-09-28T15:50:00+00:00
demo-macbook,mac,67,0,2026-09-28T15:50:00+00:00
demo-iphone,iphone,25,0,2026-09-28T16:00:00+00:00
demo-macbook,mac,66,0,2026-09-28T16:00:00+00:00
demo-iphone,iphone,24,0,2026-09-28T16:10:00+00:00
demo-macbook,mac,65,0,2026-09-28T16:10:00+00:00
demo-iphone,iphone,24,0,2026-09-28T16:20:00+00:00
demo-macbook,mac,64,0,2026-09-28T16:20:00+00:00
demo-iphone,iphone,22,0,2026-09-28T16:30:00+00:00
demo-macbook,mac,63,0,2026-09-28T16:30:00+00:00
demo-iphone,iphone,21,0,2026-09-28T16:40:00+00:00
demo-macbook,mac,62,0,2026-09-28T16:40:00+00:00
demo-iphone,iphone,21,0,2026-09-28T16:50:00+00:00
demo-macbook,mac,61,0,2026-09-28T16:50:00+00:00
demo-iphone,iphone,20,0,2026-09-28T17:00:00+00:00
demo-macbook,mac,60,0,2026-09-28T17:00:00+00:00
demo-iphone,iphone,19,0,2026-09-28T17:10:00+00:00
demo-macbook,mac,59,0,2026-09-28T17:10:00+00:00
demo-iphone,iphone,17,0,2026-09-28T17:20:00+00:00
demo-macbook,mac,58,0,2026-09-28T17:20:00+00:00
demo-iphone,iphone,21,1,2026-09-28T17:30:00+00:00
demo-macbook,mac,57,0,2026-09-28T17:30:00+00:00
demo-iphone,iphone,24,1,2026-09-28T17:40:00+00:00
demo-macbook,mac,56,0,2026-09-28T17:40:00+00:00
demo-iphone,iphone,29,1,2026-09-28T17:50:00+00:00
demo-macbook,mac,55,0,2026-09-28T17:50:00+00:00
demo-iphone,iphone,32,1,2026-09-28T18:00:00+00:00
demo-macbook,mac,54,0,2026-09-28T18:00:00+00:00
demo-iphone,iphone,37,1,2026-09-28T18:10:00+00:00
demo-macbook,mac,53,0,2026-09-28T18:10:00+00:00
demo-iphone,iphone,40,1,2026-09-28T18:20:00+00:00
demo-macbook,mac,51,0,2026-09-28T18:20:00+00:00
demo-iphone,iphone,44,1,2026-09-28T18:30:00+00:00
demo-iphone,iphone,48,1,2026-09-28T18:40:00+00:00
demo-iphone,iphone,52,1,2026-09-28T18:50:00+00:00
demo-iphone,iphone,51,0,2026-09-28T19:00:00+00:00
demo-iphone,iphone,55,1,2026-09-28T19:10:00+00:00
demo-iphone,iphone,59,1,2026-09-28T19:20:00+00:00
demo-iphone,iphone,63,1,2026-09-28T19:30:00+00:00
demo-iphone,iphone,66,1,2026-09-28T19:40:00+00:00
demo-iphone,iphone,70,1,2026-09-28T19:50:00+00:00
demo-iphone,iphone,73,1,2026-09-28T20:00:00+00:00
demo-iphone,iphone,77,1,2026-09-28T20:10:00+00:00
demo-iphone,iphone,81,1,2026-09-28T20:20:00+00:00
demo-iphone,iphone,83,1,2026-09-28T20:30:00+00:00
demo-iphone,iphone,85,1,2026-09-28T20:40:00+00:00
demo-iphone,iphone,87,1,2026-09-28T20:50:00+00:00
demo-iphone,iphone,88,1,2026-09-28T21:00:00+00:00
demo-iphone,iphone,90,1,2026-09-28T21:10:00+00:00
demo-iphone,iphone,92,1,2026-09-28T21:20:00+00:00
demo-iphone,iphone,93,1,2026-09-28T21:30:00+00:00
demo-iphone,iphone,94,1,2026-09-28T21:40:00+00:00
demo-iphone,iphone,95,1,2026-09-28T21:50:00+00:00
demo-iphone,iphone,97,1,2026-09-28T22:00:00+00:00
demo-iphone,iphone,98,1,2026-09-28T22:10:00+00:00
demo-iphone,iphone,99,1,2026-09-28T22:20:00+00:00
demo-iphone,iphone,100,1,2026-09-28T22:30:00+00:00
demo-iphone,iphone,100,1,2026-09-28T22:40:00+00:00
demo-iphone,iphone,100,1,2026-09-28T22:50:00+00:00
demo-iphone,iphone,100,1,2026-09-28T23:00:00+00:00
demo-iphone,iphone,100,1,2026-09-28T23:10:00+00:00
demo-iphone,iphone,100,1,2026-09-28T23:20:00+00:00
demo-iphone,iphone,100,1,2026-09-28T23:30:00+00:00
demo-iphone,iphone,100,1,2026-09-28T23:40:00+00:00
demo-iphone,iphone,100,1,2026-09-28T23:50:00+00:00
demo-iphone,iphone,100,1,2026-09-29T00:00:00+00:00
demo-iphone,iphone,100,1,2026-09-29T00:10:00+00:00
demo-iphone,iphone,100,1,2026-09-29T00:20:00+00:00
demo-iphone,iphone,100,1,2026-09-29T00:30:00+00:00
demo-iphone,iphone,100,1,2026-09-29T00:40:00+00:00
demo-iphone,iphone,100,1,2026-09-29T00:50:00+00:00
demo-iphone,iphone,100,1,2026-09-29T01:00:00+00:00
demo-iphone,iphone,100,1,2026-09-29T01:10:00+00:00
demo-iphone,iphone,100,1,2026-09-29T01:20:00+00:00
demo-iphone,iphone,98,0,2026-09-29T01:30:00+00:00
demo-iphone,iphone,96,0,2026-09-29T01:40:00+00:00
demo-iphone,iphone,96,0,2026-09-29T01:50:00+00:00
demo-iphone,iphone,95,0,2026-09-29T02:00:00+00:00
demo-iphone,iphone,94,0,2026-09-29T02:10:00+00:00
demo-iphone,iphone,92,0,2026-09-29T02:20:00+00:00
demo-iphone,iphone,92,0,2026-09-29T02:30:00+00:00
demo-iphone,iphone,92,0,2026-09-29T02:40:00+00:00
demo-iphone,iphone,90,0,2026-09-29T02:50:00+00:00
demo-iphone,iphone,89,0,2026-09-29T03:00:00+00:00
demo-iphone,iphone,88,0,2026-09-29T03:10:00+00:00
demo-iphone,iphone,88,0,2026-09-29T03:20:00+00:00
demo-iphone,iphone,87,0,2026-09-29T03:30:00+00:00
demo-macbook,mac,46,0,2026-09-29T03:30:00+00:00
demo-iphone,iphone,86,0,2026-09-29T03:40:00+00:00
demo-macbook,mac,45,0,2026-09-29T03:40:00+00:00
demo-iphone,iphone,86,0,2026-09-29T03:50:00+00:00
demo-macbook,mac,44,0,2026-09-29T03:50:00+00:00
demo-iphone,iphone,85,0,2026-09-29T04:00:00+00:00
demo-macbook,mac,44,0,2026-09-29T04:00:00+00:00
demo-iphone,iphone,83,0,2026-09-29T04:10:00+00:00
demo-macbook,mac,43,0,2026-09-29T04:10:00+00:00
demo-iphone,iphone,83,0,2026-09-29T04:20:00+00:00
demo-macbook,mac,42,0,2026-09-29T04:20:00+00:00
demo-iphone,iphone,82,0,2026-09-29T04:30:00+00:00
demo-macbook,mac,40,0,2026-09-29T04:30:00+00:00
demo-iphone,iphone,81,0,2026-09-29T04:40:00+00:00
demo-macbook,mac,39,0,2026-09-29T04:40:00+00:00
demo-iphone,iphone,81,0,2026-09-29T04:50:00+00:00
demo-macbook,mac,37,0,2026-09-29T04:50:00+00:00
demo-iphone,iphone,79,0,2026-09-29T05:00:00+00:00
demo-macbook,mac,35,0,2026-09-29T05:00:00+00:00
demo-iphone,iphone,78,0,2026-09-29T05:10:00+00:00
demo-macbook,mac,33,0,2026-09-29T05:10:00+00:00
demo-iphone,iphone,78,0,2026-09-29T05:20:00+00:00
demo-macbook,mac,31,0,2026-09-29T05:20:00+00:00
demo-iphone,iphone,77,0,2026-09-29T05:30:00+00:00
demo-macbook,mac,28,0,2026-09-29T05:30:00+00:00
demo-iphone,iphone,75,0,2026-09-29T05:40:00+00:00
demo-macbook,mac,32,1,2026-09-29T05:40:00+00:00
demo-iphone,iphone,73,0,2026-09-29T05:50:00+00:00
demo-macbook,mac,37,1,2026-09-29T05:50:00+00:00
demo-iphone,iphone,73,0,2026-09-29T06:00:00+00:00
demo-macbook,mac,40,1,2026-09-29T06:00:00+00:00
demo-iphone,iphone,71,0,2026-09-29T06:10:00+00:00
demo-macbook,mac,44,1,2026-09-29T06:10:00+00:00
demo-iphone,iphone,70,0,2026-09-29T06:20:00+00:00
demo-macbook,mac,48,1,2026-09-29T06:20:00+00:00
demo-iphone,iphone,69,0,2026-09-29T06:30:00+00:00
demo-macbook,mac,51,1,2026-09-29T06:30:00+00:00
demo-iphone,iphone,67,0,2026-09-29T06:40:00+00:00
demo-macbook,mac,56,1,2026-09-29T06:40:00+00:00
demo-iphone,iphone,66,0,2026-09-29T06:50:00+00:00
demo-macbook,mac,59,1,2026-09-29T06:50:00+00:00
demo-iphone,iphone,66,0,2026-09-29T07:00:00+00:00
demo-macbook,mac,63,1,2026-09-29T07:00:00+00:00
demo-iphone,iphone,64,0,2026-09-29T07:10:00+00:00
demo-macbook,mac,66,1,2026-09-29T07:10:00+00:00
demo-iphone,iphone,62,0,2026-09-29T07:20:00+00:00
demo-macbook,mac,70,1,2026-09-29T07:20:00+00:00
demo-iphone,iphone,61,0,2026-09-29T07:30:00+00:00
demo-macbook,mac,73,1,2026-09-29T07:30:00+00:00
demo-iphone,iphone,59,0,2026-09-29T07:40:00+00:00
demo-macbook,mac,77,1,2026-09-29T07:40:00+00:00
demo-iphone,iphone,59,0,2026-09-29T07:50:00+00:00
demo-macbook,mac,82,1,2026-09-29T07:50:00+00:00
demo-iphone,iphone,58,0,2026-09-29T08:00:00+00:00
demo-macbook,mac,86,1,2026-09-29T08:00:00+00:00
demo-iphone,iphone,58,0,2026-09-29T08:10:00+00:00
demo-macbook,mac,90,1,2026-09-29T08:10:00+00:00
demo-iphone,iphone,58,0,2026-09-29T08:20:00+00:00
demo-macbook,mac,95,1,2026-09-29T08:20:00+00:00
demo-iphone,iphone,56,0,2026-09-29T08:30:00+00:00
demo-macbook,mac,93,0,2026-09-29T08:30:00+00:00
demo-iphone,iphone,55,0,2026-09-29T08:40:00+00:00
demo-macbook,mac,91,0,2026-09-29T08:40:00+00:00
demo-iphone,iphone,54,0,2026-09-29T08:50:00+00:00
demo-macbook,mac,89,0,2026-09-29T08:50:00+00:00
demo-iphone,iphone,53,0,2026-09-29T09:00:00+00:00
demo-macbook,mac,88,0,2026-09-29T09:00:00+00:00
demo-iphone,iphone,52,0,2026-09-29T09:10:00+00:00
demo-macbook,mac,86,0,2026-09-29T09:10:00+00:00
demo-iphone,iphone,50,0,2026-09-29T09:20:00+00:00
demo-macbook,mac,85,0,2026-09-29T09:20:00+00:00
demo-iphone,iphone,49,0,2026-09-29T09:30:00+00:00
demo-macbook,mac,83,0,2026-09-29T09:30:00+00:00
demo-iphone,iphone,48,0,2026-09-29T09:40:00+00:00
demo-macbook,mac,81,0,2026-09-29T09:40:00+00:00
demo-iphone,iphone,47,0,2026-09-29T09:50:00+00:00
demo-macbook,mac,79,0,2026-09-29T09:50:00+00:00
demo-iphone,iphone,46,0,2026-09-29T10:00:00+00:00
demo-macbook,mac,77,0,2026-09-29T10:00:00+00:00
demo-iphone,iphone,45,0,2026-09-29T10:10:00+00:00
demo-macbook,mac,75,0,2026-09-29T10:10:00+00:00
demo-iphone,iphone,44,0,2026-09-29T10:20:00+00:00
demo-macbook,mac,73,0,2026-09-29T10:20:00+00:00
demo-iphone,iphone,43,0,2026-09-29T10:30:00+00:00
demo-macbook,mac,71,0,2026-09-29T10:30:00+00:00
demo-iphone,iphone,42,0,2026-09-29T10:40:00+00:00
demo-macbook,mac,69,0,2026-09-29T10:40:00+00:00
demo-iphone,iphone,42,0,2026-09-29T10:50:00+00:00
demo-macbook,mac,67,0,2026-09-29T10:50:00+00:00
demo-iphone,iphone,41,0,2026-09-29T11:00:00+00:00
demo-macbook,mac,65,0,2026-09-29T11:00:00+00:00
demo-iphone,iphone,40,0,2026-09-29T11:10:00+00:00
demo-macbook,mac,63,0,2026-09-29T11:10:00+00:00
demo-iphone,iphone,40,0,2026-09-29T11:20:00+00:00
demo-macbook,mac,61,0,2026-09-29T11:20:00+00:00
demo-iphone,iphone,39,0,2026-09-29T11:30:00+00:00
demo-macbook,mac,58,0,2026-09-29T11:30:00+00:00
demo-iphone,iphone,38,0,2026-09-29T11:40:00+00:00
demo-macbook,mac,57,0,2026-09-29T11:40:00+00:00
demo-iphone,iphone,37,0,2026-09-29T11:50:00+00:00
demo-macbook,mac,55,0,2026-09-29T11:50:00+00:00
demo-iphone,iphone,36,0,2026-09-29T12:00:00+00:00
demo-macbook,mac,53,0,2026-09-29T12:00:00+00:00
demo-iphone,iphone,35,0,2026-09-29T12:10:00+00:00
demo-macbook,mac,50,0,2026-09-29T12:10:00+00:00
demo-iphone,iphone,35,0,2026-09-29T12:20:00+00:00
demo-macbook,mac,48,0,2026-09-29T12:20:00+00:00
demo-iphone,iphone,34,0,2026-09-29T12:30:00+00:00
demo-macbook,mac,47,0,2026-09-29T12:30:00+00:00
demo-iphone,iphone,32,0,2026-09-29T12:40:00+00:00
demo-macbook,mac,45,0,2026-09-29T12:40:00+00:00
demo-iphone,iphone,32,0,2026-09-29T12:50:00+00:00
demo-macbook,mac,43,0,2026-09-29T12:50:00+00:00
demo-iphone,iphone,31,0,2026-09-29T13:00:00+00:00
demo-macbook,mac,41,0,2026-09-29T13:00:00+00:00
demo-iphone,iphone,30,0,2026-09-29T13:10:00+00:00
demo-macbook,mac,39,0,2026-09-29T13:10:00+00:00
demo-iphone,iphone,29,0,2026-09-29T13:20:00+00:00
demo-macbook,mac,37,0,2026-09-29T13:20:00+00:00
demo-iphone,iphone,28,0,2026-09-29T13:30:00+00:00
demo-macbook,mac,37,0,2026-09-29T13:30:00+00:00
demo-iphone,iphone,28,0,2026-09-29T13:40:00+00:00
demo-macbook,mac,35,0,2026-09-29T13:40:00+00:00
demo-iphone,iphone,27,0,2026-09-29T13:50:00+00:00
demo-macbook,mac,34,0,2026-09-29T13:50:00+00:00
demo-iphone,iphone,25,0,2026-09-29T14:00:00+00:00
demo-macbook,mac,33,0,2026-09-29T14:00:00+00:00
demo-iphone,iphone,23,0,2026-09-29T14:10:00+00:00
demo-macbook,mac,32,0,2026-09-29T14:10:00+00:00
demo-iphone,iphone,27,1,2026-09-29T14:20:00+00:00
demo-macbook,mac,31,0,2026-09-29T14:20:00+00:00
demo-iphone,iphone,30,1,2026-09-29T14:30:00+00:00
demo-macbook,mac,30,0,2026-09-29T14:30:00+00:00
demo-iphone,iphone,34,1,2026-09-29T14:40:00+00:00
demo-macbook,mac,33,1,2026-09-29T14:40:00+00:00
demo-iphone,iphone,37,1,2026-09-29T14:50:00+00:00
demo-macbook,mac,37,1,2026-09-29T14:50:00+00:00
demo-iphone,iphone,40,1,2026-09-29T15:00:00+00:00
demo-macbook,mac,41,1,2026-09-29T15:00:00+00:00
demo-iphone,iphone,44,1,2026-09-29T15:10:00+00:00
demo-macbook,mac,46,1,2026-09-29T15:10:00+00:00
demo-iphone,iphone,42,0,2026-09-29T15:20:00+00:00
demo-macbook,mac,51,1,2026-09-29T15:20:00+00:00
demo-iphone,iphone,41,0,2026-09-29T15:30:00+00:00
demo-macbook,mac,54,1,2026-09-29T15:30:00+00:00
demo-iphone,iphone,40,0,2026-09-29T15:40:00+00:00
demo-macbook,mac,58,1,2026-09-29T15:40:00+00:00
demo-iphone,iphone,40,0,2026-09-29T15:50:00+00:00
demo-macbook,mac,62,1,2026-09-29T15:50:00+00:00
demo-iphone,iphone,39,0,2026-09-29T16:00:00+00:00
demo-macbook,mac,67,1,2026-09-29T16:00:00+00:00
demo-iphone,iphone,37,0,2026-09-29T16:10:00+00:00
demo-macbook,mac,71,1,2026-09-29T16:10:00+00:00
demo-iphone,iphone,37,0,2026-09-29T16:20:00+00:00
demo-macbook,mac,74,1,2026-09-29T16:20:00+00:00
demo-iphone,iphone,36,0,2026-09-29T16:30:00+00:00
demo-macbook,mac,79,1,2026-09-29T16:30:00+00:00
demo-iphone,iphone,35,0,2026-09-29T16:40:00+00:00
demo-macbook,mac,82,1,2026-09-29T16:40:00+00:00
demo-iphone,iphone,34,0,2026-09-29T16:50:00+00:00
demo-macbook,mac,86,1,2026-09-29T16:50:00+00:00
demo-iphone,iphone,33,0,2026-09-29T17:00:00+00:00
demo-macbook,mac,90,1,2026-09-29T17:00:00+00:00
demo-iphone,iphone,32,0,2026-09-29T17:10:00+00:00
demo-macbook,mac,94,1,2026-09-29T17:10:00+00:00
demo-iphone,iphone,31,0,2026-09-29T17:20:00+00:00
demo-macbook,mac,93,0,2026-09-29T17:20:00+00:00
demo-iphone,iphone,30,0,2026-09-29T17:30:00+00:00
demo-macbook,mac,92,0,2026-09-29T17:30:00+00:00
demo-iphone,iphone,29,0,2026-09-29T17:40:00+00:00
demo-macbook,mac,91,0,2026-09-29T17:40:00+00:00
demo-iphone,iphone,28,0,2026-09-29T17:50:00+00:00
demo-macbook,mac,90,0,2026-09-29T17:50:00+00:00
demo-iphone,iphone,32,1,2026-09-29T18:00:00+00:00
demo-macbook,mac,89,0,2026-09-29T18:00:00+00:00
demo-iphone,iphone,36,1,2026-09-29T18:10:00+00:00
demo-macbook,mac,87,0,2026-09-29T18:10:00+00:00
demo-iphone,iphone,39,1,2026-09-29T18:20:00+00:00
demo-macbook,mac,86,0,2026-09-29T18:20:00+00:00
demo-iphone,iphone,43,1,2026-09-29T18:30:00+00:00
demo-iphone,iphone,46,1,2026-09-29T18:40:00+00:00
demo-iphone,iphone,49,1,2026-09-29T18:50:00+00:00
demo-iphone,iphone,53,1,2026-09-29T19:00:00+00:00
demo-iphone,iphone,58,1,2026-09-29T19:10:00+00:00
demo-iphone,iphone,62,1,2026-09-29T19:20:00+00:00
demo-iphone,iphone,65,1,2026-09-29T19:30:00+00:00
demo-iphone,iphone,68,1,2026-09-29T19:40:00+00:00
demo-iphone,iphone,71,1,2026-09-29T19:50:00+00:00
demo-iphone,iphone,74,1,2026-09-29T20:00:00+00:00
demo-iphone,iphone,78,1,2026-09-29T20:10:00+00:00
demo-iphone,iphone,81,1,2026-09-29T20:20:00+00:00
demo-iphone,iphone,83,1,2026-09-29T20:30:00+00:00
demo-iphone,iphone,84,1,2026-09-29T20:40:00+00:00
demo-iphone,iphone,85,1,2026-09-29T20:50:00+00:00
demo-iphone,iphone,86,1,2026-09-29T21:00:00+00:00
demo-iphone,iphone,88,1,2026-09-29T21:10:00+00:00
demo-iphone,iphone,89,1,2026-09-29T21:20:00+00:00
demo-iphone,iphone,90,1,2026-09-29T21:30:00+00:00
demo-iphone,iphone,92,1,2026-09-29T21:40:00+00:00
demo-iphone,iphone,93,1,2026-09-29T21:50:00+00:00
demo-iphone,iphone,95,1,2026-09-29T22:00:00+00:00
demo-iphone,iphone,97,1,2026-09-29T22:10:00+00:00
demo-iphone,iphone,98,1,2026-09-29T22:20:00+00:00
demo-iphone,iphone,100,1,2026-09-29T22:30:00+00:00
demo-iphone,iphone,100,1,2026-09-29T22:40:00+00:00
demo-iphone,iphone,100,1,2026-09-29T22:50:00+00:00
demo-iphone,iphone,100,1,2026-09-29T23:00:00+00:00
demo-iphone,iphone,100,1,2026-09-29T23:10:00+00:00
demo-iphone,iphone,100,1,2026-09-29T23:20:00+00:00
demo-iphone,iphone,100,1,2026-09-29T23:30:00+00:00
demo-iphone,iphone,100,1,2026-09-29T23:40:00+00:00
demo-iphone,iphone,100,1,2026-09-29T23:50:00+00:00
demo-iphone,iphone,100,1,2026-09-30T00:00:00+00:00
demo-iphone,iphone,100,1,2026-09-30T00:10:00+00:00
demo-iphone,iphone,100,1,2026-09-30T00:20:00+00:00
demo-iphone,iphone,100,1,2026-09-30T00:30:00+00:00
demo-iphone,iphone,100,1,2026-09-30T00:40:00+00:00
demo-iphone,iphone,100,1,2026-09-30T00:50:00+00:00
demo-iphone,iphone,100,1,2026-09-30T01:00:00+00:00
demo-iphone,iphone,100,1,2026-09-30T01:10:00+00:00
demo-iphone,iphone,100,1,2026-09-30T01:20:00+00:00
demo-iphone,iphone,99,0,2026-09-30T01:30:00+00:00
demo-iphone,iphone,99,0,2026-09-30T01:40:00+00:00
demo-iphone,iphone,98,0,2026-09-30T01:50:00+00:00
demo-iphone,iphone,96,0,2026-09-30T02:00:00+00:00
demo-iphone,iphone,95,0,2026-09-30T02:10:00+00:00
demo-iphone,iphone,93,0,2026-09-30T02:20:00+00:00
demo-iphone,iphone,93,0,2026-09-30T02:30:00+00:00
demo-iphone,iphone,91,0,2026-09-30T02:40:00+00:00
demo-iphone,iphone,89,0,2026-09-30T02:50:00+00:00
demo-iphone,iphone,87,0,2026-09-30T03:00:00+00:00
demo-iphone,iphone,86,0,2026-09-30T03:10:00+00:00
demo-iphone,iphone,84,0,2026-09-30T03:20:00+00:00
demo-iphone,iphone,83,0,2026-09-30T03:30:00+00:00
demo-macbook,mac,82,0,2026-09-30T03:30:00+00:00
demo-iphone,iphone,82,0,2026-09-30T03:40:00+00:00
demo-macbook,mac,81,0,2026-09-30T03:40:00+00:00
demo-iphone,iphone,82,0,2026-09-30T03:50:00+00:00
demo-macbook,mac,80,0,2026-09-30T03:50:00+00:00
demo-iphone,iphone,81,0,2026-09-30T04:00:00+00:00
demo-macbook,mac,79,0,2026-09-30T04:00:00+00:00
demo-iphone,iphone,81,0,2026-09-30T04:10:00+00:00
demo-macbook,mac,77,0,2026-09-30T04:10:00+00:00
demo-iphone,iphone,80,0,2026-09-30T04:20:00+00:00
demo-macbook,mac,76,0,2026-09-30T04:20:00+00:00
demo-iphone,iphone,79,0,2026-09-30T04:30:00+00:00
demo-macbook,mac,75,0,2026-09-30T04:30:00+00:00
demo-iphone,iphone,77,0,2026-09-30T04:40:00+00:00
demo-macbook,mac,73,0,2026-09-30T04:40:00+00:00
demo-iphone,iphone,77,0,2026-09-30T04:50:00+00:00
demo-macbook,mac,70,0,2026-09-30T04:50:00+00:00
demo-iphone,iphone,76,0,2026-09-30T05:00:00+00:00
demo-macbook,mac,68,0,2026-09-30T05:00:00+00:00
demo-iphone,iphone,74,0,2026-09-30T05:10:00+00:00
demo-macbook,mac,66,0,2026-09-30T05:10:00+00:00
demo-iphone,iphone,73,0,2026-09-30T05:20:00+00:00
demo-macbook,mac,65,0,2026-09-30T05:20:00+00:00
demo-iphone,iphone,73,0,2026-09-30T05:30:00+00:00
demo-macbook,mac,62,0,2026-09-30T05:30:00+00:00
demo-iphone,iphone,71,0,2026-09-30T05:40:00+00:00
demo-macbook,mac,60,0,2026-09-30T05:40:00+00:00
demo-iphone,iphone,69,0,2026-09-30T05:50:00+00:00
demo-macbook,mac,59,0,2026-09-30T05:50:00+00:00
demo-iphone,iphone,68,0,2026-09-30T06:00:00+00:00
demo-macbook,mac,57,0,2026-09-30T06:00:00+00:00
demo-iphone,iphone,68,0,2026-09-30T06:10:00+00:00
demo-macbook,mac,55,0,2026-09-30T06:10:00+00:00
demo-iphone,iphone,66,0,2026-09-30T06:20:00+00:00
demo-macbook,mac,53,0,2026-09-30T06:20:00+00:00
demo-iphone,iphone,65,0,2026-09-30T06:30:00+00:00
demo-macbook,mac,52,0,2026-09-30T06:30:00+00:00
demo-iphone,iphone,64,0,2026-09-30T06:40:00+00:00
demo-macbook,mac,49,0,2026-09-30T06:40:00+00:00
demo-iphone,iphone,63,0,2026-09-30T06:50:00+00:00
demo-macbook,mac,47,0,2026-09-30T06:50:00+00:00
demo-iphone,iphone,61,0,2026-09-30T07:00:00+00:00
demo-macbook,mac,45,0,2026-09-30T07:00:00+00:00
demo-iphone,iphone,60,0,2026-09-30T07:10:00+00:00
demo-macbook,mac,44,0,2026-09-30T07:10:00+00:00
demo-iphone,iphone,59,0,2026-09-30T07:20:00+00:00
demo-macbook,mac,41,0,2026-09-30T07:20:00+00:00
demo-iphone,iphone,59,0,2026-09-30T07:30:00+00:00
demo-macbook,mac,39,0,2026-09-30T07:30:00+00:00
demo-iphone,iphone,58,0,2026-09-30T07:40:00+00:00
demo-macbook,mac,37,0,2026-09-30T07:40:00+00:00
demo-iphone,iphone,56,0,2026-09-30T07:50:00+00:00
demo-macbook,mac,35,0,2026-09-30T07:50:00+00:00
demo-iphone,iphone,56,0,2026-09-30T08:00:00+00:00
demo-macbook,mac,34,0,2026-09-30T08:00:00+00:00
demo-iphone,iphone,55,0,2026-09-30T08:10:00+00:00
demo-macbook,mac,31,0,2026-09-30T08:10:00+00:00
demo-iphone,iphone,55,0,2026-09-30T08:20:00+00:00
demo-macbook,mac,29,0,2026-09-30T08:20:00+00:00
demo-iphone,iphone,54,0,2026-09-30T08:30:00+00:00
demo-macbook,mac,33,1,2026-09-30T08:30:00+00:00
demo-iphone,iphone,53,0,2026-09-30T08:40:00+00:00
demo-macbook,mac,37,1,2026-09-30T08:40:00+00:00
demo-iphone,iphone,52,0,2026-09-30T08:50:00+00:00
demo-macbook,mac,42,1,2026-09-30T08:50:00+00:00
demo-iphone,iphone,52,0,2026-09-30T09:00:00+00:00
demo-macbook,mac,46,1,2026-09-30T09:00:00+00:00
demo-iphone,iphone,51,0,2026-09-30T09:10:00+00:00
demo-macbook,mac,51,1,2026-09-30T09:10:00+00:00
demo-iphone,iphone,50,0,2026-09-30T09:20:00+00:00
demo-macbook,mac,56,1,2026-09-30T09:20:00+00:00
demo-iphone,iphone,49,0,2026-09-30T09:30:00+00:00
demo-macbook,mac,59,1,2026-09-30T09:30:00+00:00
demo-iphone,iphone,47,0,2026-09-30T09:40:00+00:00
demo-macbook,mac,64,1,2026-09-30T09:40:00+00:00
demo-iphone,iphone,45,0,2026-09-30T09:50:00+00:00
demo-macbook,mac,68,1,2026-09-30T09:50:00+00:00
demo-iphone,iphone,44,0,2026-09-30T10:00:00+00:00
demo-macbook,mac,71,1,2026-09-30T10:00:00+00:00
demo-iphone,iphone,44,0,2026-09-30T10:10:00+00:00
demo-macbook,mac,75,1,2026-09-30T10:10:00+00:00
demo-iphone,iphone,43,0,2026-09-30T10:20:00+00:00
demo-macbook,mac,79,1,2026-09-30T10:20:00+00:00
demo-iphone,iphone,42,0,2026-09-30T10:30:00+00:00
demo-macbook,mac,83,1,2026-09-30T10:30:00+00:00
demo-iphone,iphone,41,0,2026-09-30T10:40:00+00:00
demo-macbook,mac,87,1,2026-09-30T10:40:00+00:00
demo-iphone,iphone,39,0,2026-09-30T10:50:00+00:00
demo-macbook,mac,90,1,2026-09-30T10:50:00+00:00
demo-iphone,iphone,38,0,2026-09-30T11:00:00+00:00
demo-macbook,mac,94,1,2026-09-30T11:00:00+00:00
demo-iphone,iphone,37,0,2026-09-30T11:10:00+00:00
demo-macbook,mac,98,1,2026-09-30T11:10:00+00:00
demo-iphone,iphone,36,0,2026-09-30T11:20:00+00:00
demo-macbook,mac,96,0,2026-09-30T11:20:00+00:00
demo-iphone,iphone,35,0,2026-09-30T11:30:00+00:00
demo-macbook,mac,94,0,2026-09-30T11:30:00+00:00
demo-iphone,iphone,34,0,2026-09-30T11:40:00+00:00
demo-macbook,mac,92,0,2026-09-30T11:40:00+00:00
demo-iphone,iphone,33,0,2026-09-30T11:50:00+00:00
demo-macbook,mac,90,0,2026-09-30T11:50:00+00:00
demo-iphone,iphone,32,0,2026-09-30T12:00:00+00:00
demo-macbook,mac,88,0,2026-09-30T12:00:00+00:00
demo-iphone,iphone,30,0,2026-09-30T12:10:00+00:00
demo-macbook,mac,86,0,2026-09-30T12:10:00+00:00
demo-iphone,iphone,30,0,2026-09-30T12:20:00+00:00
demo-macbook,mac,84,0,2026-09-30T12:20:00+00:00
demo-iphone,iphone,28,0,2026-09-30T12:30:00+00:00
demo-macbook,mac,82,0,2026-09-30T12:30:00+00:00
